histone	region	pep_seq	mod_short	ptm_class	rt_standard	n_chemistries	rt_CoA_D5	delta_CoA_D5	rt_CoA_combo	delta_CoA_combo	rt_CoA_labeled	delta_CoA_labeled	rt_CoA_multi	delta_CoA_multi	rt_CoA_single	delta_CoA_single	rt_Kcr	delta_Kcr	rt_Ksor	delta_Ksor	rt_acD3	delta_acD3	rt_acD3_multi	delta_acD3_multi	rt_anhydride	delta_anhydride	rt_mutation	delta_mutation	rt_special_PTM	delta_special_PTM
H3	117-128	VTIMPKDIQLAR	K122ac	acetylation	47.68	11			25.26	-22.42			25.26	-22.42	25.26	-22.42	47.68	0.00	47.68	0.00	47.68	0.00	25.26	-22.42	47.68	0.00	47.68	0.00	47.68	0.00
H3	117-128	VTIMPKDIQLAR	M120ox	other	46.37	5															46.37	0.00			46.37	0.00	46.37	0.00	46.37	0.00
H3	117-128	VTIMPKDIQLAR	unmod	unmodified	48.69	13	25.50	-23.19	25.32	-23.37	25.37	-23.32	25.32	-23.37	25.40	-23.29	48.69	0.00	48.69	0.00	48.69	0.00	25.32	-23.37	48.69	0.00	48.69	-0.00	48.69	0.00
H3	18-26	KQLATKAAR	K18ac	acetylation	36.13	11			21.10	-15.03			21.10	-15.03	21.10	-15.03	36.13	0.00	36.13	0.00	42.93	6.80	21.10	-15.03	36.13	0.00	36.13	0.00	36.13	0.00
H3	18-26	KQLATKAAR	K18acK23ac	acetylation	34.64	9			20.27	-14.37					20.27	-14.37	34.64	0.00	34.64	0.00	43.01	8.37			34.64	0.00	34.64	0.00	34.64	0.00
H3	18-26	KQLATKAAR	K18acT22pr	combinatorial	40.04	4																			40.04	0.00	40.04	0.00	40.04	0.00
H3	18-26	KQLATKAAR	K18me1	methylation	39.77	9							22.20	-17.57			39.77	0.00	39.77	0.00	44.98	5.21	22.20	-17.57	39.77	0.00	39.77	0.00	39.77	0.00
H3	18-26	KQLATKAAR	K18me1K23me1	methylation	40.96	7											40.96	0.00	40.96	0.00	44.90	3.94			40.96	0.00	40.96	0.00	40.96	0.00
H3	18-26	KQLATKAAR	K23ac	acetylation	36.14	11			21.20	-14.94			21.20	-14.94	21.20	-14.94	36.14	0.00	36.14	0.00	42.94	6.80	21.20	-14.94	36.14	0.00	36.14	0.00	36.14	0.00
H3	18-26	KQLATKAAR	K23me1	methylation	39.76	9							22.10	-17.66			39.76	0.00	39.76	0.00	42.85	3.09	22.10	-17.66	39.76	0.00	39.76	0.00	39.76	0.00
H3	18-26	KQLATKAAR	T22ac	acetylation	40.05	4																			40.05	0.00	40.05	0.00	40.05	0.00
H3	18-26	KQLATKAAR	T22pr	propionylation	41.27	4																			41.27	0.00	41.27	0.00	41.27	0.00
H3	18-26	KQLATKAAR	unmod	unmodified	37.41	13	23.74	-13.67	21.81	-15.60	22.49	-14.92	21.81	-15.60	22.41	-15.00	37.41	0.00	37.41	0.00	42.85	5.44	21.81	-15.60	37.41	0.00	37.41	0.00	37.41	0.00
H3	27-40	KSAPATGGVKKPHR	K27ac	acetylation	24.99	11			17.23	-7.76			17.23	-7.76	17.23	-7.76	24.99	0.00	24.99	0.00	30.39	5.40	17.23	-7.76	24.99	0.00	24.99	0.00	25.78	0.79
H3	27-40	KSAPATGGVKKPHR	K27me1	methylation	27.94	9							18.76	-9.18			27.94	0.00	27.94	0.00	32.67	4.73	18.76	-9.18	27.94	0.00	27.94	0.00	29.20	1.26
H3	27-40	KSAPATGGVKKPHR	K27me1K36me1	methylation	29.15	7											29.15	0.00	29.15	0.00	33.82	4.67			29.15	0.00	29.15	0.00	30.66	1.51
H3	27-40	KSAPATGGVKKPHR	K27me1K36me2	methylation	24.44	7											24.44	0.00	24.44	0.00	29.29	4.85			24.44	0.00	24.44	0.00	25.07	0.62
H3	27-40	KSAPATGGVKKPHR	K27me1K36me3	methylation	24.44	7											24.44	0.00	24.44	0.00	29.33	4.89			24.44	0.00	24.44	0.00	25.08	0.64
H3	27-40	KSAPATGGVKKPHR	K27me1S28ph	combinatorial	33.20	13	33.20	0.00	33.20	0.00	33.20	0.00	33.20	0.00	33.20	0.00	33.20	0.00	33.20	0.00	33.20	0.00	33.20	0.00	33.20	0.00	33.20	0.00	33.20	0.00
H3	27-40	KSAPATGGVKKPHR	K27me2	methylation	21.40	9							15.75	-5.65			21.40	0.00	21.40	0.00	25.76	4.36	15.75	-5.65	21.40	0.00	21.40	0.00	21.48	0.08
H3	27-40	KSAPATGGVKKPHR	K27me2K36me1	methylation	22.64	7											22.64	0.00	22.64	0.00	26.94	4.30			22.64	0.00	22.64	0.00	22.97	0.33
H3	27-40	KSAPATGGVKKPHR	K27me2K36me2	methylation	18.29	7											18.29	0.00	18.29	0.00	22.91	4.62			18.29	0.00	18.29	0.00	18.07	-0.22
H3	27-40	KSAPATGGVKKPHR	K27me2K36me3	methylation	18.34	7											18.34	0.00	18.34	0.00	22.91	4.57			18.34	0.00	18.34	0.00	9.17	-9.17
H3	27-40	KSAPATGGVKKPHR	K27me2S28ac	combinatorial	27.34	11	27.34	0.00	27.34	0.00	27.34	0.00	27.34	0.00	27.34	-0.00					27.34	0.00	27.34	0.00	27.34	0.00	27.34	0.00	27.34	0.00
H3	27-40	KSAPATGGVKKPHR	K27me2S28ph	combinatorial	27.34	13	27.34	0.00	27.34	0.00	27.34	0.00	27.34	0.00	27.34	-0.00	27.34	0.00	27.34	0.00	27.34	0.00	27.34	0.00	27.34	0.00	27.34	0.00	27.34	0.00
H3	27-40	KSAPATGGVKKPHR	K27me2S28phK36me2	combinatorial	25.00	11	25.00	0.00	25.00	0.00	25.00	0.00	25.00	0.00	25.00	0.00					25.00	0.00	25.00	0.00	25.00	0.00	25.00	0.00	25.00	0.00
H3	27-40	KSAPATGGVKKPHR	K27me3	methylation	21.40	9							15.75	-5.65			21.40	0.00	21.40	0.00	25.83	4.43	15.75	-5.65	21.40	0.00	21.40	0.00	21.49	0.09
H3	27-40	KSAPATGGVKKPHR	K27me3K36me1	methylation	22.64	7											22.64	0.00	22.64	0.00	27.02	4.38			22.64	0.00	22.64	0.00	23.01	0.37
H3	27-40	KSAPATGGVKKPHR	K27me3K36me2	methylation	18.20	7											18.20	0.00	18.20	0.00	22.91	4.71			18.20	0.00	18.20	0.00	18.05	-0.15
H3	27-40	KSAPATGGVKKPHR	K27me3K36me3	methylation	18.20	7											18.20	0.00	18.20	0.00	22.91	4.71			18.20	0.00	18.20	0.00	9.10	-9.10
H3	27-40	KSAPATGGVKKPHR	K27me3S28ac	combinatorial	27.31	11	27.31	0.00	27.31	0.00	27.31	0.00	27.31	0.00	27.31	-0.00					27.31	0.00	27.31	0.00	27.31	0.00	27.31	0.00	27.31	0.00
H3	27-40	KSAPATGGVKKPHR	K27me3S28acK36me1	combinatorial	29.15	11	29.15	0.00	29.15	0.00	29.15	-0.00	29.15	0.00	29.15	0.00					29.15	0.00	29.15	0.00	29.15	0.00	29.15	0.00	29.15	0.00
H3	27-40	KSAPATGGVKKPHR	K27me3S28ph	combinatorial	27.31	13	27.31	0.00	27.31	0.00	27.31	0.00	27.31	0.00	27.31	-0.00	27.31	0.00	27.31	0.00	27.31	0.00	27.31	0.00	27.31	0.00	27.31	0.00	27.31	0.00
H3	27-40	KSAPATGGVKKPHR	K27me3S28phK36me2	combinatorial	25.00	11	25.00	0.00	25.00	0.00	25.00	0.00	25.00	0.00	25.00	0.00					25.00	0.00	25.00	0.00	25.00	0.00	25.00	0.00	25.00	0.00
H3	27-40	KSAPATGGVKKPHR	K36me1	methylation	27.81	9							18.75	-9.06			27.81	0.00	27.81	0.00	32.66	4.85	18.75	-9.06	27.81	0.00	27.81	0.00	28.84	1.04
H3	27-40	KSAPATGGVKKPHR	K36me2	methylation	22.68	9							16.75	-5.93			22.68	0.00	22.68	0.00	27.00	4.32	16.75	-5.93	22.68	0.00	22.68	0.00	23.08	0.40
H3	27-40	KSAPATGGVKKPHR	K36me3	methylation	22.66	9							16.75	-5.91			22.66	0.00	22.66	0.00	27.00	4.34	16.75	-5.91	22.66	0.00	22.66	0.00	23.05	0.39
H3	27-40	KSAPATGGVKKPHR	S28ac	acetylation	31.35	11	31.35	0.00	31.35	0.00	31.35	0.00	31.35	0.00	31.35	0.00					31.35	0.00	31.35	0.00	31.35	0.00	31.35	0.00	31.35	0.00
H3	27-40	KSAPATGGVKKPHR	S28ph	phosphorylation	31.35	13	31.35	0.00	31.35	0.00	31.35	0.00	31.35	0.00	31.35	0.00	31.35	0.00	31.35	0.00	31.35	0.00	31.35	0.00	31.35	0.00	31.35	0.00	31.35	0.00
H3	27-40	KSAPATGGVKKPHR	S28pr	propionylation	33.20	11	33.20	0.00	33.20	0.00	33.20	0.00	33.20	0.00	33.20	0.00					33.20	0.00	33.20	0.00	33.20	0.00	33.20	0.00	33.20	0.00
H3	27-40	KSAPATGGVKKPHR	unmod	unmodified	26.08	13	21.37	-4.71	17.75	-8.33	19.04	-7.04	17.75	-8.33	18.67	-7.41	26.08	0.00	26.08	0.00	30.63	4.55	17.75	-8.33	26.08	0.00	26.08	0.00	27.06	0.98
H3	27-40	KSAPSTGGVKKPHR	K27ac	acetylation	24.99	13	24.99	0.00	24.99	0.00	24.99	0.00	24.99	0.00	24.99	0.00	24.99	0.00	24.99	0.00	30.07	5.08	24.99	0.00	24.99	0.00	24.99	0.00	25.62	0.64
H3	27-40	KSAPSTGGVKKPHR	K27me1	methylation	27.94	13	27.94	0.00	27.94	0.00	27.94	0.00	27.94	0.00	27.94	0.00	27.94	0.00	27.94	0.00	32.16	4.22	27.94	0.00	27.94	0.00	27.94	0.00	29.03	1.09
H3	27-40	KSAPSTGGVKKPHR	K27me1K36me1	methylation	29.15	13	29.15	0.00	29.15	0.00	29.15	-0.00	29.15	0.00	29.15	0.00	29.15	0.00	29.15	0.00	33.32	4.17	29.15	0.00	29.15	0.00	29.15	0.00	30.43	1.28
H3	27-40	KSAPSTGGVKKPHR	K27me1K36me2	methylation	24.44	13	24.44	0.00	24.44	0.00	24.44	0.00	24.44	0.00	24.44	0.00	24.44	0.00	24.44	0.00	28.70	4.26	24.44	0.00	24.44	0.00	24.44	0.00	24.93	0.49
H3	27-40	KSAPSTGGVKKPHR	K27me1K36me3	methylation	24.44	13	24.44	0.00	24.44	0.00	24.44	0.00	24.44	0.00	24.44	0.00	24.44	0.00	24.44	0.00	28.70	4.26	24.44	0.00	24.44	0.00	24.44	0.00	24.92	0.48
H3	27-40	KSAPSTGGVKKPHR	K27me1S28ph	combinatorial	33.20	13	33.20	0.00	33.20	0.00	33.20	0.00	33.20	0.00	33.20	0.00	33.20	0.00	33.20	0.00	33.20	0.00	33.20	0.00	33.20	0.00	33.20	0.00	33.20	0.00
H3	27-40	KSAPSTGGVKKPHR	K27me2	methylation	21.40	13	21.40	0.00	21.40	0.00	21.40	-0.00	21.40	0.00	21.40	0.00	21.40	0.00	21.40	0.00	25.33	3.93	21.40	0.00	21.40	0.00	21.40	0.00	21.38	-0.02
H3	27-40	KSAPSTGGVKKPHR	K27me2K36me1	methylation	22.64	13	22.64	-0.00	22.64	0.00	22.64	-0.00	22.64	-0.00	22.64	-0.00	22.64	-0.00	22.64	-0.00	26.60	3.96	22.64	-0.00	22.64	-0.00	22.64	-0.00	22.84	0.20
H3	27-40	KSAPSTGGVKKPHR	K27me2K36me2	methylation	18.29	13	18.29	0.00	18.29	0.00	18.29	0.00	18.29	0.00	18.29	0.00	18.29	0.00	18.29	0.00	22.71	4.42	18.29	0.00	18.29	0.00	18.29	0.00	18.23	-0.06
H3	27-40	KSAPSTGGVKKPHR	K27me2K36me3	methylation	18.34	13	18.34	0.00	18.34	0.00	18.34	0.00	18.34	0.00	18.34	0.00	18.34	0.00	18.34	0.00	22.71	4.37	18.34	0.00	18.34	0.00	18.34	0.00	9.17	-9.17
H3	27-40	KSAPSTGGVKKPHR	K27me2S28ac	combinatorial	27.34	11	27.34	0.00	27.34	0.00	27.34	0.00	27.34	0.00	27.34	0.00					27.34	0.00	27.34	0.00	27.34	0.00	27.34	0.00	27.34	0.00
H3	27-40	KSAPSTGGVKKPHR	K27me2S28ph	combinatorial	27.34	13	27.34	0.00	27.34	0.00	27.34	0.00	27.34	0.00	27.34	-0.00	27.34	0.00	27.34	0.00	27.34	0.00	27.34	0.00	27.34	0.00	27.34	0.00	27.34	0.00
H3	27-40	KSAPSTGGVKKPHR	K27me2S28phK36me2	combinatorial	25.00	11	25.00	0.00	25.00	0.00	25.00	0.00	25.00	0.00	25.00	0.00					25.00	0.00	25.00	0.00	25.00	0.00	25.00	0.00	25.00	0.00
H3	27-40	KSAPSTGGVKKPHR	K27me3	methylation	21.40	13	21.40	0.00	21.40	0.00	21.40	-0.00	21.40	0.00	21.40	0.00	21.40	0.00	21.40	0.00	25.40	4.00	21.40	0.00	21.40	0.00	21.40	0.00	21.39	-0.01
H3	27-40	KSAPSTGGVKKPHR	K27me3K36me1	methylation	22.64	13	22.64	-0.00	22.64	0.00	22.64	-0.00	22.64	-0.00	22.64	-0.00	22.64	-0.00	22.64	-0.00	26.60	3.96	22.64	-0.00	22.64	-0.00	22.64	-0.00	22.85	0.21
H3	27-40	KSAPSTGGVKKPHR	K27me3K36me2	methylation	18.20	13	18.20	0.00	18.20	0.00	18.20	0.00	18.20	0.00	18.20	0.00	18.20	0.00	18.20	0.00	22.71	4.51	18.20	0.00	18.20	0.00	18.20	0.00	18.01	-0.19
H3	27-40	KSAPSTGGVKKPHR	K27me3K36me3	methylation	18.20	13	18.20	0.00	18.20	0.00	18.20	0.00	18.20	0.00	18.20	0.00	18.20	0.00	18.20	0.00	22.71	4.51	18.20	0.00	18.20	0.00	18.20	0.00	9.10	-9.10
H3	27-40	KSAPSTGGVKKPHR	K27me3S28ac	combinatorial	27.31	11	27.31	0.00	27.31	0.00	27.31	0.00	27.31	0.00	27.31	0.00					27.31	0.00	27.31	0.00	27.31	0.00	27.31	0.00	27.31	0.00
H3	27-40	KSAPSTGGVKKPHR	K27me3S28acK36me1	combinatorial	29.15	11	29.15	0.00	29.15	0.00	29.15	-0.00	29.15	0.00	29.15	0.00					29.15	0.00	29.15	0.00	29.15	0.00	29.15	0.00	29.15	0.00
H3	27-40	KSAPSTGGVKKPHR	K27me3S28ph	combinatorial	27.31	13	27.31	0.00	27.31	0.00	27.31	0.00	27.31	0.00	27.31	-0.00	27.31	0.00	27.31	0.00	27.31	0.00	27.31	0.00	27.31	0.00	27.31	0.00	27.31	0.00
H3	27-40	KSAPSTGGVKKPHR	K27me3S28phK36me2	combinatorial	25.00	11	25.00	0.00	25.00	0.00	25.00	0.00	25.00	0.00	25.00	0.00					25.00	0.00	25.00	0.00	25.00	0.00	25.00	0.00	25.00	0.00
H3	27-40	KSAPSTGGVKKPHR	K36me1	methylation	27.81	13	27.81	0.00	27.81	0.00	27.81	0.00	27.81	0.00	27.81	-0.00	27.81	0.00	27.81	0.00	32.15	4.34	27.81	0.00	27.81	0.00	27.81	0.00	28.61	0.80
H3	27-40	KSAPSTGGVKKPHR	K36me2	methylation	22.68	13	22.68	0.00	22.68	0.00	22.68	-0.00	22.68	0.00	22.68	0.00	22.68	0.00	22.68	0.00	26.75	4.07	22.68	0.00	22.68	0.00	22.68	0.00	22.86	0.18
H3	27-40	KSAPSTGGVKKPHR	K36me3	methylation	22.66	13	22.66	0.00	22.66	0.00	22.66	0.00	22.66	0.00	22.66	0.00	22.66	0.00	22.66	0.00	26.70	4.04	22.66	0.00	22.66	0.00	22.66	0.00	22.85	0.19
H3	27-40	KSAPSTGGVKKPHR	S28ac	acetylation	31.35	11	31.35	0.00	31.35	0.00	31.35	0.00	31.35	0.00	31.35	0.00					31.35	0.00	31.35	0.00	31.35	0.00	31.35	0.00	31.35	0.00
H3	27-40	KSAPSTGGVKKPHR	S28ph	phosphorylation	31.35	13	31.35	0.00	31.35	0.00	31.35	0.00	31.35	0.00	31.35	0.00	31.35	0.00	31.35	0.00	31.35	0.00	31.35	0.00	31.35	0.00	31.35	0.00	31.35	0.00
H3	27-40	KSAPSTGGVKKPHR	S28pr	propionylation	33.20	11	33.20	0.00	33.20	0.00	33.20	0.00	33.20	0.00	33.20	0.00					33.20	0.00	33.20	0.00	33.20	0.00	33.20	0.00	33.20	0.00
H3	27-40	KSAPSTGGVKKPHR	unmod	unmodified	26.08	13	26.08	-0.00	26.08	0.00	26.08	-0.00	26.08	-0.00	26.08	-0.00	26.08	-0.00	26.08	-0.00	30.00	3.92	26.08	-0.00	26.08	-0.00	26.08	-0.00	26.87	0.79
H3	3-8	TKQTAR	K4ac	acetylation	16.64	11			13.74	-2.90			13.74	-2.90	13.74	-2.90	16.64	0.00	16.64	0.00	24.60	7.96	13.74	-2.90	16.64	0.00	16.64	0.00	16.64	0.00
H3	3-8	TKQTAR	K4me1	methylation	21.58	9							16.80	-4.78			21.58	0.00	21.58	0.00	27.50	5.92	16.80	-4.78	21.58	0.00	21.58	0.00	21.58	0.00
H3	3-8	TKQTAR	K4me2	methylation	10.82	9							5.80	-5.02			10.82	0.00	10.82	0.00	18.41	7.59	5.80	-5.02	10.82	0.00	10.82	0.00	10.82	0.00
H3	3-8	TKQTAR	K4me3	methylation	10.80	9							5.70	-5.10			10.80	0.00	10.80	0.00	18.37	7.57	5.70	-5.10	10.80	0.00	10.80	0.00	10.80	0.00
H3	3-8	TKQTAR	unmod	unmodified	18.34	13	17.87	-0.47	13.80	-4.54	15.19	-3.15	13.80	-4.54	14.62	-3.71	18.34	0.00	18.34	0.00	24.57	6.23	13.80	-4.54	18.34	0.00	18.34	0.00	18.34	0.00
H3	41-49	YRPGTVALR	Y41ph	phosphorylation	34.00	13	34.00	0.00	34.00	0.00	34.00	0.00	34.00	0.00	34.00	0.00	34.00	0.00	34.00	0.00	34.00	0.00	34.00	0.00	34.00	0.00	34.00	0.00	34.00	0.00
H3	41-49	YRPGTVALR	Y41pr	propionylation	38.18	11	38.18	0.00	38.18	0.00	38.18	0.00	38.18	0.00	38.18	0.00					38.18	0.00	38.18	0.00	38.18	0.00	38.18	0.00	38.18	0.00
H3	41-49	YRPGTVALR	unmod	unmodified	31.20	13	31.20	0.00	31.20	0.00	31.20	0.00	31.20	0.00	31.20	0.00	31.20	0.00	31.20	0.00	31.20	0.00	31.20	0.00	31.20	0.00	31.20	0.00	31.20	0.00
H3	53-63	RYQKSTELLIR	S57pr	propionylation	41.58	11	41.58	0.00	41.58	0.00	41.58	0.00	41.58	0.00	41.58	0.00					41.58	0.00	41.58	0.00	41.58	0.00	41.58	0.00	41.58	0.00
H3	53-63	RYQKSTELLIR	Y54pr	propionylation	42.00	11	42.00	0.00	42.00	0.00	42.00	0.00	42.00	0.00	42.00	0.00					42.00	0.00	42.00	0.00	42.00	0.00	42.00	0.00	42.00	0.00
H3	53-63	RYQKSTELLIR	unmod	unmodified	37.00	11	37.00	0.00	37.00	0.00	37.00	0.00	37.00	0.00	37.00	0.00					37.00	0.00	37.00	0.00	37.00	0.00	37.00	0.00	37.00	0.00
H3	54-63	YQKSTELLIR	K56ac	acetylation	39.17	13	39.17	0.00	31.75	-7.42	39.17	0.00	31.75	-7.42	37.82	-1.35	39.17	0.00	39.17	0.00	39.17	0.00	31.75	-7.42	39.17	0.00	39.17	0.00	39.17	0.00
H3	54-63	YQKSTELLIR	K56me1	methylation	41.20	13	41.20	0.00	41.20	0.00	41.20	0.00	33.10	-8.10	41.20	0.00	41.20	0.00	41.20	0.00	41.20	0.00	33.10	-8.10	41.20	0.00	41.20	0.00	41.20	0.00
H3	54-63	YQKSTELLIR	K56me2	methylation	33.92	13	33.92	0.00	33.92	0.00	33.92	0.00	27.56	-6.36	33.92	0.00	33.92	0.00	33.92	0.00	33.92	0.00	27.56	-6.36	33.92	0.00	33.92	0.00	33.92	0.00
H3	54-63	YQKSTELLIR	K56me3	methylation	33.72	13	33.72	0.00	33.72	0.00	33.72	0.00	27.41	-6.31	33.72	0.00	33.72	0.00	33.72	0.00	33.72	0.00	27.41	-6.31	33.72	0.00	33.72	0.00	33.72	0.00
H3	54-63	YQKSTELLIR	S57pr	propionylation	44.30	10	44.30	0.00	44.30	0.00	44.30	-0.00	44.30	0.00	44.30	0.00							44.30	0.00	44.30	0.00	44.30	0.00	44.30	0.00
H3	54-63	YQKSTELLIR	Y54pr	propionylation	44.40	10	44.40	0.00	44.40	0.00	44.40	0.00	44.40	0.00	44.40	0.00							44.40	0.00	44.40	0.00	44.40	0.00	44.40	0.00
H3	54-63	YQKSTELLIR	unmod	unmodified	40.37	13	32.83	-7.54	32.66	-7.71	32.74	-7.63	32.66	-7.71	32.75	-7.62	40.37	0.00	40.37	0.00	40.37	0.00	32.66	-7.71	40.37	0.00	40.37	0.00	40.37	0.00
H3	64-135	unmod	IRGERA	other	22.00	13	22.00	0.00	22.00	0.00	22.00	0.00	22.00	0.00	22.00	0.00	22.00	0.00	22.00	0.00	22.00	0.00	22.00	0.00	22.00	0.00	22.00	0.00	22.00	0.00
H3	64-135	unmod	KLPFQR	other	39.63	13	39.63	0.00	39.63	0.00	39.63	0.00	39.63	0.00	39.63	0.00	39.63	0.00	39.63	0.00	39.63	0.00	39.63	0.00	39.63	0.00	39.63	0.00	39.63	0.00
H3	64-135	unmod	RIRGER	other	17.36	13	17.36	0.00	17.36	0.00	17.36	0.00	17.36	0.00	17.36	0.00	17.36	0.00	17.36	0.00	17.36	0.00	17.36	0.00	17.36	0.00	17.36	0.00	17.36	0.00
H3	64-69	KLPFQR	K64ac	acetylation	39.17	5			22.88	-16.29			22.88	-16.29	22.88	-16.29							22.88	-16.29						
H3	64-69	KLPFQR	unmod	unmodified	40.37	7	24.41	-15.95	23.36	-17.01	23.72	-16.65	23.36	-17.01	23.77	-16.60							23.36	-17.01						
H3	73-83	EIAQDFKTDLR	K79ac	acetylation	39.17	11			25.18	-13.99			25.18	-13.99	25.18	-13.99	39.17	0.00	39.17	0.00	39.17	0.00	25.18	-13.99	39.17	0.00	39.17	0.00	39.17	0.00
H3	73-83	EIAQDFKTDLR	K79me1	methylation	41.20	9							26.00	-15.20			41.20	0.00	41.20	0.00	41.20	0.00	26.00	-15.20	41.20	0.00	41.20	0.00	41.20	0.00
H3	73-83	EIAQDFKTDLR	K79me2	methylation	33.92	9							22.20	-11.72			33.92	0.00	33.92	0.00	33.92	0.00	22.20	-11.72	33.92	0.00	33.92	0.00	33.92	0.00
H3	73-83	EIAQDFKTDLR	K79me3	methylation	33.72	9							22.10	-11.62			33.72	0.00	33.72	0.00	33.72	0.00	22.10	-11.62	33.72	0.00	33.72	0.00	33.72	0.00
H3	73-83	EIAQDFKTDLR	unmod	unmodified	40.37	13	25.43	-14.93	25.24	-15.13	25.31	-15.06	25.24	-15.13	25.34	-15.03	40.37	0.00	40.37	0.00	40.37	0.00	25.24	-15.13	40.37	0.00	40.37	0.00	40.37	0.00
H3	9-17	KSTGGKAPR	K14ac	acetylation	21.91	11			15.54	-6.37			15.54	-6.37	15.54	-6.37	21.91	0.00	21.91	0.00	27.39	5.48	15.54	-6.37	21.91	0.00	21.91	0.00	21.91	0.00
H3	9-17	KSTGGKAPR	K9ac	acetylation	21.90	11			15.41	-6.49			15.41	-6.49	15.41	-6.49	21.90	0.00	21.90	0.00	27.38	5.48	15.41	-6.49	21.90	0.00	21.90	0.00	21.90	0.00
H3	9-17	KSTGGKAPR	K9acK14ac	acetylation	20.23	9			14.75	-5.48					14.75	-5.48	20.23	0.00	20.23	0.00	27.42	7.19			20.23	0.00	20.23	0.00	20.23	0.00
H3	9-17	KSTGGKAPR	K9acS10ac	acetylation	21.90	11	21.90	0.00	21.90	0.00	21.90	0.00	21.90	0.00	21.90	0.00					27.39	5.49	21.90	0.00	21.90	0.00	21.90	0.00	21.90	0.00
H3	9-17	KSTGGKAPR	K9acS10acK14ac	acetylation	20.23	10	20.23	0.00	20.23	0.00	20.23	0.00	20.23	0.00	20.23	0.00							20.23	0.00	20.23	0.00	20.23	0.00	20.23	0.00
H3	9-17	KSTGGKAPR	K9acS10ph	combinatorial	21.90	13	21.90	0.00	21.90	0.00	21.90	-0.00	21.90	0.00	21.90	0.00	21.90	0.00	21.90	0.00	27.38	5.48	21.90	0.00	21.90	0.00	21.90	0.00	21.90	0.00
H3	9-17	KSTGGKAPR	K9acS10phK14ac	combinatorial	20.23	13	20.23	0.00	20.23	0.00	20.23	0.00	20.23	0.00	20.23	0.00	20.23	0.00	20.23	0.00	27.42	7.19	20.23	0.00	20.23	0.00	20.23	0.00	20.23	0.00
H3	9-17	KSTGGKAPR	K9me1	methylation	25.91	9							17.27	-8.64			25.91	0.00	25.91	0.00	30.23	4.32	17.27	-8.64	25.91	0.00	25.91	0.00	25.91	0.00
H3	9-17	KSTGGKAPR	K9me1K14ac	combinatorial	24.68	7											24.68	0.00	24.68	0.00	30.23	5.55			24.68	0.00	24.68	0.00	24.68	0.00
H3	9-17	KSTGGKAPR	K9me1S10ac	combinatorial	25.95	11	25.95	0.00	25.95	0.00	25.95	0.00	25.95	0.00	25.95	0.00					21.24	-4.71	25.95	0.00	25.95	0.00	25.95	0.00	25.95	0.00
H3	9-17	KSTGGKAPR	K9me1S10ph	combinatorial	25.91	13	25.91	0.00	25.91	0.00	25.91	0.00	25.91	0.00	25.91	0.00	25.91	0.00	25.91	0.00	30.23	4.32	25.91	0.00	25.91	0.00	25.91	0.00	25.91	0.00
H3	9-17	KSTGGKAPR	K9me1S10phK14ac	combinatorial	24.68	13	24.68	0.00	24.68	0.00	24.68	-0.00	24.68	0.00	24.68	0.00	24.68	0.00	24.68	0.00	30.23	5.55	24.68	0.00	24.68	0.00	24.68	0.00	24.68	0.00
H3	9-17	KSTGGKAPR	K9me2	methylation	16.59	9							13.27	-3.32			16.59	0.00	16.59	0.00	21.24	4.65	13.27	-3.32	16.59	0.00	16.59	0.00	16.59	0.00
H3	9-17	KSTGGKAPR	K9me2K14ac	combinatorial	14.95	7											14.95	0.00	14.95	0.00	21.28	6.33			14.95	0.00	14.95	0.00	14.95	0.00
H3	9-17	KSTGGKAPR	K9me2S10ac	combinatorial	16.59	11	16.59	0.00	16.59	0.00	16.59	0.00	16.59	0.00	16.59	0.00					21.24	4.65	16.59	0.00	16.59	0.00	16.59	0.00	16.59	0.00
H3	9-17	KSTGGKAPR	K9me2S10acK14ac	combinatorial	14.95	11	14.95	0.00	14.95	0.00	14.95	0.00	14.95	0.00	14.95	0.00					21.28	6.33	14.95	0.00	14.95	0.00	14.95	0.00	14.95	0.00
H3	9-17	KSTGGKAPR	K9me2S10ph	combinatorial	16.59	13	16.59	0.00	16.59	0.00	16.59	0.00	16.59	0.00	16.59	0.00	16.59	0.00	16.59	0.00	21.24	4.65	16.59	0.00	16.59	0.00	16.59	0.00	16.59	0.00
H3	9-17	KSTGGKAPR	K9me2S10phK14ac	combinatorial	14.95	13	14.95	0.00	14.95	0.00	14.95	-0.00	14.95	0.00	14.95	0.00	14.95	0.00	14.95	0.00	21.28	6.33	14.95	0.00	14.95	0.00	14.95	0.00	14.95	0.00
H3	9-17	KSTGGKAPR	K9me3	methylation	16.46	9							13.17	-3.29			16.46	0.00	16.46	0.00	21.24	4.78	13.17	-3.29	16.46	0.00	16.46	0.00	16.46	0.00
H3	9-17	KSTGGKAPR	K9me3K14ac	combinatorial	14.86	7											14.86	0.00	14.86	0.00	21.28	6.42			14.86	0.00	14.86	0.00	14.86	0.00
H3	9-17	KSTGGKAPR	K9me3S10ac	combinatorial	16.46	11	16.46	0.00	16.46	0.00	16.46	0.00	16.46	0.00	16.46	0.00					27.38	10.92	16.46	0.00	16.46	0.00	16.46	0.00	16.46	0.00
H3	9-17	KSTGGKAPR	K9me3S10acK14ac	combinatorial	14.86	11	14.86	0.00	14.86	0.00	14.86	0.00	14.86	0.00	14.86	0.00					27.42	12.56	14.86	0.00	14.86	0.00	14.86	-0.00	14.86	0.00
H3	9-17	KSTGGKAPR	K9me3S10ph	combinatorial	16.46	13	16.46	0.00	16.46	0.00	16.46	0.00	16.46	0.00	16.46	0.00	16.46	0.00	16.46	0.00	21.24	4.78	16.46	0.00	16.46	0.00	16.46	0.00	16.46	0.00
H3	9-17	KSTGGKAPR	K9me3S10phK14ac	combinatorial	14.86	13	14.86	0.00	14.86	0.00	14.86	0.00	14.86	0.00	14.86	0.00	14.86	0.00	14.86	0.00	21.28	6.42	14.86	0.00	14.86	0.00	14.86	0.00	14.86	0.00
H3	9-17	KSTGGKAPR	S10ac	acetylation	23.20	11	23.20	0.00	23.20	0.00	23.20	0.00	23.20	0.00	23.20	0.00					27.38	4.18	23.20	0.00	23.20	0.00	23.20	0.00	23.20	0.00
H3	9-17	KSTGGKAPR	S10acK14ac	acetylation	21.91	11	21.91	0.00	21.91	0.00	21.91	0.00	21.91	0.00	21.91	0.00					30.23	8.32	21.91	0.00	21.91	0.00	21.91	0.00	21.91	0.00
H3	9-17	KSTGGKAPR	S10ph	phosphorylation	23.20	13	23.20	0.00	23.20	0.00	23.20	0.00	23.20	0.00	23.20	0.00	23.20	0.00	23.20	0.00	27.38	4.18	23.20	0.00	23.20	0.00	23.20	0.00	23.20	0.00
H3	9-17	KSTGGKAPR	S10phK14ac	combinatorial	21.91	13	21.91	0.00	21.91	0.00	21.91	0.00	21.91	0.00	21.91	0.00	21.91	0.00	21.91	0.00	27.39	5.48	21.91	0.00	21.91	0.00	21.91	0.00	21.91	0.00
H3	9-17	KSTGGKAPR	S10pr	propionylation	25.91	11	25.91	0.00	25.91	0.00	25.91	0.00	25.91	0.00	25.91	0.00					30.23	4.32	25.91	0.00	25.91	0.00	25.91	0.00	25.91	0.00
H3	9-17	KSTGGKAPR	S10prK14ac	combinatorial	24.68	11	24.68	0.00	24.68	0.00	24.68	0.00	24.68	0.00	24.68	0.00					21.28	-3.40	24.68	0.00	24.68	0.00	24.68	0.00	24.68	0.00
H3	9-17	KSTGGKAPR	unmod	unmodified	23.20	13	20.52	-2.68	16.27	-6.93	17.82	-5.38	16.27	-6.93	17.30	-5.90	23.20	0.00	23.20	0.00	27.38	4.18	16.27	-6.93	23.20	0.00	23.20	0.00	23.20	0.00
H3A	18-26	KQLATKAAR	K18ac	acetylation	36.13	3											36.13	0.00	36.13	0.00										
H3A	18-26	KQLATKAAR	K18acK23ac	acetylation	34.64	3											34.64	0.00	34.64	0.00										
H3A	18-26	KQLATKAAR	K18me1	methylation	39.77	3											39.77	0.00	39.77	0.00										
H3A	18-26	KQLATKAAR	K18me1K23me1	methylation	40.96	3											40.96	0.00	40.96	0.00										
H3A	18-26	KQLATKAAR	K23ac	acetylation	36.14	3											36.14	0.00	36.14	0.00										
H3A	18-26	KQLATKAAR	K23me1	methylation	39.76	3											39.76	0.00	39.76	0.00										
H3A	18-26	KQLATKAAR	unmod	unmodified	37.41	3											37.41	0.00	37.41	0.00										
H3A	27-40	KSAPATGGVKKPHR	K27ac	acetylation	24.99	3											24.99	0.00	24.99	0.00										
H3A	27-40	KSAPATGGVKKPHR	K27me1	methylation	27.94	3											27.94	0.00	27.94	0.00										
H3A	27-40	KSAPATGGVKKPHR	K27me1K36me1	methylation	29.15	3											29.15	0.00	29.15	0.00										
H3A	27-40	KSAPATGGVKKPHR	K27me1K36me2	methylation	24.44	3											24.44	0.00	24.44	0.00										
H3A	27-40	KSAPATGGVKKPHR	K27me1K36me3	methylation	24.44	3											24.44	0.00	24.44	0.00										
H3A	27-40	KSAPATGGVKKPHR	K27me2	methylation	21.40	3											21.40	0.00	21.40	0.00										
H3A	27-40	KSAPATGGVKKPHR	K27me2K36me1	methylation	22.64	3											22.64	0.00	22.64	0.00										
H3A	27-40	KSAPATGGVKKPHR	K27me2K36me2	methylation	18.29	3											18.29	0.00	18.29	0.00										
H3A	27-40	KSAPATGGVKKPHR	K27me3	methylation	21.40	3											21.40	0.00	21.40	0.00										
H3A	27-40	KSAPATGGVKKPHR	K27me3K36me1	methylation	22.64	3											22.64	0.00	22.64	0.00										
H3A	27-40	KSAPATGGVKKPHR	K27me3K36me2	methylation	18.20	3											18.20	0.00	18.20	0.00										
H3A	27-40	KSAPATGGVKKPHR	K36me1	methylation	27.81	3											27.81	0.00	27.81	0.00										
H3A	27-40	KSAPATGGVKKPHR	K36me2	methylation	22.68	3											22.68	0.00	22.68	0.00										
H3A	27-40	KSAPATGGVKKPHR	K36me3	methylation	22.66	3											22.66	0.00	22.66	0.00										
H3A	27-40	KSAPATGGVKKPHR	unmod	unmodified	26.08	3											26.08	0.00	26.08	0.00										
H3A	27-40	KSAPSTGGVKKPHR	K27ac	acetylation	24.99	3											24.99	0.00	24.99	0.00										
H3A	27-40	KSAPSTGGVKKPHR	K27me1	methylation	27.94	3											27.94	0.00	27.94	0.00										
H3A	27-40	KSAPSTGGVKKPHR	K27me1K36me1	methylation	29.15	3											29.15	0.00	29.15	0.00										
H3A	27-40	KSAPSTGGVKKPHR	K27me1K36me2	methylation	24.44	3											24.44	0.00	24.44	0.00										
H3A	27-40	KSAPSTGGVKKPHR	K27me1K36me3	methylation	24.44	3											24.44	0.00	24.44	0.00										
H3A	27-40	KSAPSTGGVKKPHR	K27me2	methylation	21.40	3											21.40	0.00	21.40	0.00										
H3A	27-40	KSAPSTGGVKKPHR	K27me2K36me1	methylation	22.64	3											22.64	0.00	22.64	0.00										
H3A	27-40	KSAPSTGGVKKPHR	K27me2K36me2	methylation	18.29	3											18.29	0.00	18.29	0.00										
H3A	27-40	KSAPSTGGVKKPHR	K27me3	methylation	21.40	3											21.40	0.00	21.40	0.00										
H3A	27-40	KSAPSTGGVKKPHR	K27me3K36me1	methylation	22.64	3											22.64	0.00	22.64	0.00										
H3A	27-40	KSAPSTGGVKKPHR	K27me3K36me2	methylation	18.20	3											18.20	0.00	18.20	0.00										
H3A	27-40	KSAPSTGGVKKPHR	K36me1	methylation	27.81	3											27.81	0.00	27.81	0.00										
H3A	27-40	KSAPSTGGVKKPHR	K36me2	methylation	22.68	3											22.68	0.00	22.68	0.00										
H3A	27-40	KSAPSTGGVKKPHR	K36me3	methylation	22.66	3											22.66	0.00	22.66	0.00										
H3A	27-40	KSAPSTGGVKKPHR	unmod	unmodified	26.08	3											26.08	0.00	26.08	0.00										
H3A	3-8	TKQTAR	K4ac	acetylation	16.64	3											16.64	0.00	16.64	0.00										
H3A	3-8	TKQTAR	K4me1	methylation	21.58	3											21.58	0.00	21.58	0.00										
H3A	3-8	TKQTAR	K4me2	methylation	10.82	3											10.82	0.00	10.82	0.00										
H3A	3-8	TKQTAR	K4me3	methylation	10.80	3											10.80	-0.00	10.80	-0.00										
H3A	3-8	TKQTAR	unmod	unmodified	18.34	3											18.34	0.00	18.34	0.00										
H3A	54-63	YQKSTELLIR	K56ac	acetylation	39.17	3											39.17	0.00	39.17	0.00										
H3A	54-63	YQKSTELLIR	K56me1	methylation	41.20	3											41.20	0.00	41.20	0.00										
H3A	54-63	YQKSTELLIR	K56me2	methylation	33.92	3											33.92	0.00	33.92	0.00										
H3A	54-63	YQKSTELLIR	K56me3	methylation	33.72	3											33.72	0.00	33.72	0.00										
H3A	54-63	YQKSTELLIR	unmod	unmodified	40.37	3											40.37	0.00	40.37	0.00										
H3A	73-83	EIAQDFKTDLR	K79ac	acetylation	39.17	3											39.17	0.00	39.17	0.00										
H3A	73-83	EIAQDFKTDLR	K79me1	methylation	41.20	3											41.20	0.00	41.20	0.00										
H3A	73-83	EIAQDFKTDLR	K79me2	methylation	33.92	3											33.92	0.00	33.92	0.00										
H3A	73-83	EIAQDFKTDLR	K79me3	methylation	33.72	3											33.72	0.00	33.72	0.00										
H3A	73-83	EIAQDFKTDLR	unmod	unmodified	40.37	3											40.37	0.00	40.37	0.00										
H3A	9-17	KSTGGKAPR	K14ac	acetylation	21.91	3											21.91	0.00	21.91	0.00										
H3A	9-17	KSTGGKAPR	K9ac	acetylation	21.90	3											21.90	0.00	21.90	0.00										
H3A	9-17	KSTGGKAPR	K9acK14ac	acetylation	20.23	3											20.23	0.00	20.23	0.00										
H3A	9-17	KSTGGKAPR	K9me1	methylation	25.91	3											25.91	0.00	25.91	0.00										
H3A	9-17	KSTGGKAPR	K9me1K14ac	combinatorial	24.68	3											24.68	0.00	24.68	0.00										
H3A	9-17	KSTGGKAPR	K9me2	methylation	16.59	3											16.59	0.00	16.59	0.00										
H3A	9-17	KSTGGKAPR	K9me2K14ac	combinatorial	14.95	3											14.95	0.00	14.95	0.00										
H3A	9-17	KSTGGKAPR	K9me3	methylation	16.46	3											16.46	0.00	16.46	0.00										
H3A	9-17	KSTGGKAPR	K9me3K14ac	combinatorial	14.86	3											14.86	0.00	14.86	0.00										
H3A	9-17	KSTGGKAPR	unmod	unmodified	23.20	3											23.20	0.00	23.20	0.00										
H3C	117-128	VTIMPKDIQLAR	M120cd3	other	49.00	3											49.00	0.00	49.00	0.00										
H3C	117-128	VTIMPKDIQLAR	unmod	unmodified	48.69	3											48.69	0.00	48.69	0.00										
H4	18-23	HRKVLR	K20ac	acetylation	20.15	11	20.15	0.00	20.15	0.00	20.15	0.00	20.15	0.00	20.15	0.00					20.15	0.00	20.15	0.00	20.15	0.00	20.15	0.00	20.15	0.00
H4	18-23	HRKVLR	K20me1	methylation	24.73	11	24.73	0.00	24.73	0.00	24.73	0.00	24.73	0.00	24.73	0.00					24.73	0.00	24.73	0.00	24.73	0.00	24.73	0.00	24.73	0.00
H4	18-23	HRKVLR	K20me2	methylation	14.33	11	14.33	0.00	14.33	0.00	14.33	0.00	14.33	0.00	14.33	0.00					14.33	0.00	14.33	0.00	14.33	0.00	14.33	0.00	14.33	0.00
H4	18-23	HRKVLR	K20me3	methylation	14.18	11	14.18	0.00	14.18	-0.00	14.18	0.00	14.18	0.00	14.18	0.00					14.18	0.00	14.18	0.00	14.18	0.00	14.18	0.00	14.18	0.00
H4	18-23	HRKVLR	unmod	unmodified	21.85	11	21.85	-0.00	21.85	-0.00	21.85	0.00	21.85	-0.00	21.85	-0.00					21.85	-0.00	21.85	-0.00	21.85	-0.00	21.85	-0.00	21.85	-0.00
H4	20-23	KVLR	K20ac	acetylation	28.32	11			19.07	-9.25			19.07	-9.25	19.07	-9.25	28.32	-0.00	28.32	-0.00	28.32	-0.00	19.07	-9.25	28.32	-0.00	28.32	-0.00	28.32	-0.00
H4	20-23	KVLR	K20me1	methylation	32.57	9							21.00	-11.57			32.57	0.00	32.57	0.00	32.57	0.00	21.00	-11.57	32.57	0.00	32.57	0.00	32.57	0.00
H4	20-23	KVLR	K20me2	methylation	19.21	9							17.20	-2.01			19.21	0.00	19.21	0.00	19.21	0.00	17.20	-2.01	19.21	0.00	19.21	0.00	19.21	0.00
H4	20-23	KVLR	K20me3	methylation	19.03	9							17.10	-1.93			19.03	0.00	19.03	0.00	19.03	0.00	17.10	-1.93	19.03	0.00	19.03	0.00	19.03	0.00
H4	20-23	KVLR	unmod	unmodified	29.52	13	22.87	-6.65	20.06	-9.46	21.14	-8.38	20.06	-9.46	20.91	-8.61	29.52	0.00	29.52	0.00	29.52	0.00	20.06	-9.46	29.52	0.00	29.52	0.00	29.52	0.00
H4	20-35	KVLRDNIQGITKPAIR	K20ac	acetylation	41.13	11	41.13	0.00	41.13	0.00	41.13	0.00	41.13	0.00	41.13	0.00					41.13	0.00	41.13	0.00	41.13	0.00	41.13	0.00	41.13	0.00
H4	20-35	KVLRDNIQGITKPAIR	K20me1	methylation	43.40	11	43.40	0.00	43.40	0.00	43.40	0.00	43.40	0.00	43.40	0.00					43.40	0.00	43.40	0.00	43.40	0.00	43.40	0.00	43.40	0.00
H4	20-35	KVLRDNIQGITKPAIR	K20me2	methylation	38.03	11	38.03	0.00	38.03	0.00	38.03	0.00	38.03	0.00	38.03	0.00					38.03	0.00	38.03	0.00	38.03	0.00	38.03	0.00	38.03	0.00
H4	20-35	KVLRDNIQGITKPAIR	K20me3	methylation	37.28	11	37.28	0.00	37.28	0.00	37.28	0.00	37.28	0.00	37.28	0.00					37.28	0.00	37.28	0.00	37.28	0.00	37.28	0.00	37.28	0.00
H4	20-35	KVLRDNIQGITKPAIR	unmod	unmodified	42.43	11	42.43	0.00	42.43	0.00	42.43	0.00	42.43	0.00	42.43	0.00					42.43	0.00	42.43	0.00	42.43	0.00	42.43	0.00	42.43	0.00
H4	20-36	KVLRDNIQGITKPAIRR	K20ac	acetylation	38.83	11	38.83	0.00	38.83	0.00	38.83	0.00	38.83	0.00	38.83	0.00					38.83	0.00	38.83	0.00	38.83	0.00	38.83	0.00	38.83	0.00
H4	20-36	KVLRDNIQGITKPAIRR	K20me1	methylation	40.44	11	40.44	0.00	40.44	0.00	40.44	0.00	40.44	0.00	40.44	0.00					40.44	0.00	40.44	0.00	40.44	0.00	40.44	-0.00	40.44	0.00
H4	20-36	KVLRDNIQGITKPAIRR	K20me2	methylation	35.63	11	35.63	0.00	35.63	0.00	35.63	0.00	35.63	0.00	35.63	0.00					35.63	0.00	35.63	0.00	35.63	0.00	35.63	0.00	35.63	0.00
H4	20-36	KVLRDNIQGITKPAIRR	K20me3	methylation	34.87	11	34.87	0.00	34.87	0.00	34.87	0.00	34.87	0.00	34.87	0.00					34.87	0.00	34.87	0.00	34.87	0.00	34.87	0.00	34.87	0.00
H4	20-36	KVLRDNIQGITKPAIRR	unmod	unmodified	39.53	11	39.53	0.00	39.53	0.00	39.53	0.00	39.53	0.00	39.53	0.00					39.53	0.00	39.53	0.00	39.53	0.00	39.53	0.00	39.53	0.00
H4	24-102	unmod	DNIQGITKPAIRR	other	35.22	11	35.22	0.00	35.22	0.00	35.22	0.00	35.22	0.00	35.22	0.00					35.22	0.00	35.22	0.00	35.22	0.00	35.22	0.00	35.22	0.00
H4	24-102	unmod	GVLKVFLENVIR	other	52.41	11	52.41	0.00	52.41	0.00	52.41	0.00	52.41	0.00	52.41	-0.00					52.41	0.00	52.41	0.00	52.41	0.00	52.41	0.00	52.41	0.00
H4	24-102	unmod	ISGLIYEETR	other	45.03	11	45.03	0.00	45.03	0.00	45.03	0.00	45.03	0.00	45.03	0.00					45.03	0.00	45.03	0.00	45.03	0.00	45.03	0.00	45.03	0.00
H4	24-102	unmod	TLYGFGG	other	45.07	11	45.07	0.00	45.07	0.00	45.07	0.00	45.07	0.00	45.07	0.00					45.07	0.00	45.07	0.00	45.07	0.00	45.07	0.00	45.07	0.00
H4	24-35	DNIQGITKPAIR	K31ac	acetylation	39.17	5			21.72	-17.45			21.72	-17.45	21.72	-17.45							21.72	-17.45						
H4	24-35	DNIQGITKPAIR	T30pr	propionylation	45.90	5															45.90	0.00			45.90	0.00	45.90	0.00	45.90	0.00
H4	24-35	DNIQGITKPAIR	unmod	unmodified	42.29	13	23.84	-18.45	22.26	-20.03	22.89	-19.40	22.26	-20.03	22.87	-19.42	42.45	0.16	42.45	0.16	42.45	0.16	22.26	-20.03	42.45	0.16	42.45	0.16	42.45	0.16
H4	4-17	GKGGKGLGKGGAKR	K12ac	acetylation	28.79	9			19.65	-9.14					19.65	-9.14	28.79	0.00	28.79	0.00	33.20	4.41			28.79	0.00	28.79	0.00	28.79	0.00
H4	4-17	GKGGKGLGKGGAKR	K12acK16ac	acetylation	27.88	7											27.88	0.00	27.88	0.00	33.24	5.36			27.88	0.00	27.88	0.00	27.88	0.00
H4	4-17	GKGGKGLGKGGAKR	K16ac	acetylation	29.11	9			19.65	-9.46					19.65	-9.46	29.11	0.00	29.11	0.00	33.20	4.09			29.11	0.00	29.11	0.00	29.11	0.00
H4	4-17	GKGGKGLGKGGAKR	K5ac	acetylation	28.80	9			19.65	-9.15					19.65	-9.15	28.80	0.00	28.80	0.00	33.20	4.40			28.80	0.00	28.80	0.00	28.80	0.00
H4	4-17	GKGGKGLGKGGAKR	K5acK12ac	acetylation	27.72	7											27.72	0.00	27.72	0.00	33.24	5.52			27.72	0.00	27.72	0.00	27.72	0.00
H4	4-17	GKGGKGLGKGGAKR	K5acK12acK16ac	acetylation	26.65	7											26.65	0.00	26.65	0.00	33.28	6.63			26.65	0.00	26.65	0.00	26.65	0.00
H4	4-17	GKGGKGLGKGGAKR	K5acK16ac	acetylation	27.94	7											27.94	0.00	27.94	0.00	33.24	5.30			27.94	0.00	27.94	0.00	27.94	0.00
H4	4-17	GKGGKGLGKGGAKR	K5acK8ac	acetylation	27.78	7											27.78	-0.00	27.78	-0.00	33.24	5.46			27.78	-0.00	27.78	0.00	27.78	-0.00
H4	4-17	GKGGKGLGKGGAKR	K5acK8acK12ac	acetylation	26.55	7											26.55	0.00	26.55	0.00	33.28	6.73			26.55	0.00	26.55	0.00	26.55	0.00
H4	4-17	GKGGKGLGKGGAKR	K5acK8acK12acK16ac	acetylation	25.35	7											25.35	0.00	25.35	0.00	33.32	7.97			25.35	0.00	25.35	0.00	25.35	0.00
H4	4-17	GKGGKGLGKGGAKR	K5acK8acK16ac	acetylation	26.76	7											26.76	0.00	26.76	0.00	33.28	6.52			26.76	0.00	26.76	0.00	26.76	0.00
H4	4-17	GKGGKGLGKGGAKR	K8ac	acetylation	28.80	9			19.65	-9.15					19.65	-9.15	28.80	0.00	28.80	0.00	33.20	4.40			28.80	0.00	28.80	0.00	28.80	0.00
H4	4-17	GKGGKGLGKGGAKR	K8acK12ac	acetylation	27.78	7											27.78	-0.00	27.78	-0.00	33.24	5.46			27.78	-0.00	27.78	0.00	27.78	-0.00
H4	4-17	GKGGKGLGKGGAKR	K8acK12acK16ac	acetylation	26.72	7											26.72	0.00	26.72	0.00	33.28	6.56			26.72	0.00	26.72	0.00	26.72	0.00
H4	4-17	GKGGKGLGKGGAKR	K8acK16ac	acetylation	27.94	7											27.94	0.00	27.94	0.00	33.24	5.30			27.94	0.00	27.94	0.00	27.94	0.00
H4	4-17	GKGGKGLGKGGAKR	unmod	unmodified	30.08	13	22.88	-7.20	20.30	-9.78	21.14	-8.93	20.30	-9.78	20.94	-9.14	30.08	0.00	30.08	0.00	33.20	3.12	20.30	-9.78	30.08	0.00	30.08	0.00	30.08	0.00
H4	40-45	RGGVKR	K44ac	acetylation	18.70	13	18.70	0.00	18.70	0.00	18.70	0.00	18.70	0.00	18.70	0.00	18.70	0.00	18.70	0.00	18.70	0.00	18.70	0.00	18.70	0.00	18.70	0.00	18.70	0.00
H4	40-45	RGGVKR	unmod	unmodified	20.47	13	20.47	0.00	20.47	0.00	20.47	0.00	20.47	0.00	20.47	0.00	20.47	0.00	20.47	0.00	20.47	0.00	20.47	0.00	20.47	0.00	20.47	-0.00	20.47	0.00
H4	46-102	unmod	DAVTYTEHAKR	other	31.08	3											31.08	0.00	31.08	0.00										
H4	46-102	unmod	GVLKVFLENVIR	other	52.41	3											52.41	0.00	52.41	0.00										
H4	46-102	unmod	ISGLIYEETR	other	45.03	3											45.03	0.00	45.03	0.00										
H4	46-102	unmod	TLYGFGG	other	45.07	3											45.07	0.00	45.07	0.00										
H4	68-78	DAVTYTEHAKR	Y72pr	propionylation	37.08	11	37.08	0.00	37.08	0.00	37.08	0.00	37.08	0.00	37.08	0.00					37.08	0.00	37.08	0.00	37.08	0.00	37.08	0.00	37.08	0.00
H4	68-78	DAVTYTEHAKR	unmod	unmodified	31.08	11	25.57	-5.51	24.69	-6.39	25.03	-6.05	24.70	-6.38	24.97	-6.11					31.08	0.00	24.70	-6.38	31.08	0.00	31.08	0.00	31.08	0.00
H4	79-92	KTVTAMDVVYALKR	K79ac	acetylation	39.17	5			25.30	-13.87			25.30	-13.87	25.30	-13.87							25.30	-13.87						
H4	79-92	KTVTAMDVVYALKR	M84ox	other	46.80	11	46.80	0.00	46.80	0.00	46.80	0.00	46.80	0.00	46.80	0.00					46.80	0.00	46.80	0.00	46.80	0.00	46.80	0.00	46.80	0.00
H4	79-92	KTVTAMDVVYALKR	M84oxY88pr	propionylation	47.70	11	47.70	-0.00	47.70	-0.00	47.70	0.00	47.70	-0.00	47.70	-0.00					47.70	-0.00	47.70	-0.00	47.70	-0.00	47.70	-0.00	47.70	-0.00
H4	79-92	KTVTAMDVVYALKR	Y88pr	propionylation	49.70	11	49.70	-0.00	49.70	-0.00	49.70	0.00	49.70	-0.00	49.70	-0.00					49.70	-0.00	49.70	-0.00	49.70	-0.00	49.70	-0.00	49.70	-0.00
H4	79-92	KTVTAMDVVYALKR	unmod	unmodified	47.87	13	37.14	-10.73	37.02	-10.85	37.07	-10.80	37.02	-10.85	37.12	-10.76	48.50	0.63	48.50	0.63	48.50	0.63	37.02	-10.85	48.50	0.63	48.50	0.63	48.50	0.63
H4A	20-23	KVLR	K20ac	acetylation	28.32	3											28.32	-0.00	28.32	-0.00										
H4A	20-23	KVLR	K20me1	methylation	32.57	3											32.57	0.00	32.57	0.00										
H4A	20-23	KVLR	K20me2	methylation	19.21	3											19.21	0.00	19.21	0.00										
H4A	20-23	KVLR	K20me3	methylation	19.03	3											19.03	0.00	19.03	0.00										
H4A	20-23	KVLR	unmod	unmodified	29.52	3											29.52	0.00	29.52	0.00										
H4A	4-17	GKGGKGLGKGGAKR	K12ac	acetylation	28.79	3											28.79	-0.00	28.79	-0.00										
H4A	4-17	GKGGKGLGKGGAKR	K12acK16ac	acetylation	27.88	3											27.88	0.00	27.88	0.00										
H4A	4-17	GKGGKGLGKGGAKR	K16ac	acetylation	29.11	3											29.11	0.00	29.11	0.00										
H4A	4-17	GKGGKGLGKGGAKR	K5ac	acetylation	28.80	3											28.80	0.00	28.80	0.00										
H4A	4-17	GKGGKGLGKGGAKR	K5acK12ac	acetylation	27.72	3											27.72	0.00	27.72	0.00										
H4A	4-17	GKGGKGLGKGGAKR	K5acK12acK16ac	acetylation	26.65	3											26.65	0.00	26.65	0.00										
H4A	4-17	GKGGKGLGKGGAKR	K5acK16ac	acetylation	27.94	3											27.94	0.00	27.94	0.00										
H4A	4-17	GKGGKGLGKGGAKR	K5acK8ac	acetylation	27.78	3											27.78	0.00	27.78	0.00										
H4A	4-17	GKGGKGLGKGGAKR	K5acK8acK12ac	acetylation	26.55	3											26.55	0.00	26.55	0.00										
H4A	4-17	GKGGKGLGKGGAKR	K5acK8acK12acK16ac	acetylation	25.35	3											25.35	-0.00	25.35	-0.00										
H4A	4-17	GKGGKGLGKGGAKR	K5acK8acK16ac	acetylation	26.76	3											26.76	0.00	26.76	0.00										
H4A	4-17	GKGGKGLGKGGAKR	K8ac	acetylation	28.80	3											28.80	0.00	28.80	0.00										
H4A	4-17	GKGGKGLGKGGAKR	K8acK12ac	acetylation	27.78	3											27.78	0.00	27.78	0.00										
H4A	4-17	GKGGKGLGKGGAKR	K8acK12acK16ac	acetylation	26.72	3											26.72	0.00	26.72	0.00										
H4A	4-17	GKGGKGLGKGGAKR	K8acK16ac	acetylation	27.94	3											27.94	0.00	27.94	0.00										
H4A	4-17	GKGGKGLGKGGAKR	unmod	unmodified	30.08	3											30.08	0.00	30.08	0.00										
H4C	79-92	KTVTAMDVVYALKR	M84cd3	other	49.00	3											49.00	0.00	49.00	0.00										
H4C	79-92	KTVTAMDVVYALKR	unmod	unmodified	48.69	3											48.69	0.00	48.69	0.00										
HH1	1-207	unmod	GRKPAGLISASR	other	37.94	11	37.94	0.00	37.94	0.00	37.94	0.00	37.94	0.00	37.94	0.00					37.94	0.00	37.94	0.00	37.94	0.00	37.94	-0.00	37.94	0.00
HH1	1-207	unmod	KKLEGGGER	other	34.29	11	34.29	0.00	34.29	0.00	34.29	0.00	34.29	0.00	34.29	0.00					34.29	0.00	34.29	0.00	34.29	0.00	34.29	0.00	34.29	0.00
HH1	1-207	unmod	KQGGAAKDTR	other	33.05	11	33.05	0.00	33.05	0.00	33.05	0.00	33.05	0.00	33.05	0.00					33.05	0.00	33.05	0.00	33.05	0.00	33.05	0.00	33.05	0.00
HH1	1-207	unmod	TENSTSAPAAKPKR	other	28.25	11	28.25	0.00	28.25	0.00	28.25	0.00	28.25	0.00	28.25	0.00					28.25	0.00	28.25	0.00	28.25	0.00	28.25	0.00	28.25	0.00
HH1	1-35	unmod	H12.SETAPAAPAAAPPAEKAPVKKKAAKKAGGTPR	other	41.83	13	41.83	0.00	41.83	0.00	41.83	0.00	41.83	0.00	41.83	0.00	41.83	0.00	41.83	0.00	41.83	0.00	41.83	0.00	41.83	0.00	41.83	0.00	41.83	0.00
HH1	1-35	unmod	H13.SETAPLAPTIPAPAEKTPVKKKAKKAGATAGKR	other	45.41	13	45.41	0.00	45.41	0.00	45.41	0.00	45.41	0.00	45.41	0.00	45.41	0.00	45.41	0.00	45.41	0.00	45.41	0.00	45.41	0.00	45.41	0.00	45.41	0.00
HH1	1-35	unmod	H14.SETAPAAPAAPAPAEKTPVKKKAR	other	36.46	13	36.46	0.00	36.46	0.00	36.46	0.00	36.46	0.00	36.46	0.00	36.46	0.00	36.46	0.00	36.46	0.00	36.46	0.00	36.46	0.00	36.46	0.00	36.46	0.00
HH1	1-35	unmod	H15.SETAPAETATPAPVEKSPAKKKATKKAAGAGAAKR	other	41.31	13	41.31	0.00	41.31	0.00	41.31	0.00	41.31	0.00	41.31	0.00	41.31	0.00	41.31	0.00	41.31	0.00	41.31	0.00	41.31	0.00	41.31	0.00	41.31	0.00
HH1	25-32	KSAGAAKR	K25ac	acetylation	25.33	11	25.33	0.00	25.33	0.00	25.33	0.00	25.33	0.00	25.33	0.00					25.33	0.00	25.33	0.00	25.33	0.00	25.33	0.00	25.33	0.00
HH1	25-32	KSAGAAKR	K25acS26ac	acetylation	27.84	10	27.84	0.00	27.84	0.00	27.84	0.00	27.84	0.00	27.84	-0.00							27.84	0.00	27.84	0.00	27.84	0.00	27.84	0.00
HH1	25-32	KSAGAAKR	K25me1	methylation	30.02	11	30.02	0.00	30.02	0.00	30.02	0.00	30.02	0.00	30.02	0.00					30.02	0.00	30.02	0.00	30.02	0.00	30.02	0.00	30.02	0.00
HH1	25-32	KSAGAAKR	K25me2	methylation	19.71	11	19.71	0.00	19.71	0.00	19.71	0.00	19.71	0.00	19.71	0.00					19.71	0.00	19.71	0.00	19.71	0.00	19.71	0.00	19.71	0.00
HH1	25-32	KSAGAAKR	K25me3	methylation	19.41	11	19.41	0.00	19.41	0.00	19.41	0.00	19.41	0.00	19.41	0.00					19.41	0.00	19.41	0.00	19.41	0.00	19.41	0.00	19.41	0.00
HH1	25-32	KSAGAAKR	K31ac	acetylation	25.37	11	25.37	0.00	25.37	0.00	25.37	0.00	25.37	0.00	25.37	0.00					25.37	0.00	25.37	0.00	25.37	0.00	25.37	0.00	25.37	0.00
HH1	25-32	KSAGAAKR	S26ac	acetylation	30.59	10	30.59	0.00	30.59	0.00	30.59	0.00	30.59	0.00	30.59	-0.00							30.59	0.00	30.59	0.00	30.59	0.00	30.59	0.00
HH1	25-32	KSAGAAKR	S26ph	phosphorylation	28.29	10	28.29	-0.00	28.29	-0.00	28.29	0.00	28.29	-0.00	28.29	-0.00							28.29	-0.00	28.29	-0.00	28.29	-0.00	28.29	-0.00
HH1	25-32	KSAGAAKR	S26pr	propionylation	32.21	10	32.21	0.00	32.21	0.00	32.21	0.00	32.21	0.00	32.21	0.00							32.21	0.00	32.21	0.00	32.21	0.00	32.21	0.00
HH1	25-32	KSAGAAKR	unmod	unmodified	26.97	11	26.97	0.00	26.97	0.00	26.97	0.00	26.97	0.00	26.97	0.00					26.97	0.00	26.97	0.00	26.97	0.00	26.97	-0.00	26.97	0.00
HH1	33-53	KASGPPVSELITKAVAASKER	K33ac	acetylation	48.17	11	48.17	0.00	48.17	0.00	48.17	0.00	48.17	0.00	48.17	0.00					48.17	0.00	48.17	0.00	48.17	0.00	48.17	0.00	48.17	0.00
HH1	33-53	KASGPPVSELITKAVAASKER	K33me1	methylation	48.54	11	48.54	0.00	48.54	0.00	48.54	0.00	48.54	0.00	48.54	0.00					48.54	0.00	48.54	0.00	48.54	0.00	48.54	0.00	48.54	0.00
HH1	33-53	KASGPPVSELITKAVAASKER	K33me2	methylation	44.75	11	44.75	0.00	44.75	0.00	44.75	0.00	44.75	0.00	44.75	0.00					44.75	0.00	44.75	0.00	44.75	0.00	44.75	0.00	44.75	0.00
HH1	33-53	KASGPPVSELITKAVAASKER	K33me3	methylation	44.65	11	44.65	0.00	44.65	0.00	44.65	0.00	44.65	0.00	44.65	0.00					44.65	0.00	44.65	0.00	44.65	0.00	44.65	0.00	44.65	0.00
HH1	33-53	KASGPPVSELITKAVAASKER	S40ac	acetylation	48.94	10	48.94	0.00	48.94	0.00	48.94	0.00	48.94	0.00	48.94	0.00							48.94	0.00	48.94	0.00	48.94	-0.00	48.94	0.00
HH1	33-53	KASGPPVSELITKAVAASKER	S40pr	propionylation	49.51	10	49.51	0.00	49.51	0.00	49.51	0.00	49.51	0.00	49.51	0.00							49.51	0.00	49.51	0.00	49.51	0.00	49.51	0.00
HH1	33-53	KASGPPVSELITKAVAASKER	unmod	unmodified	48.38	11	48.38	0.00	48.38	0.00	48.38	0.00	48.38	0.00	48.38	0.00					48.38	0.00	48.38	0.00	48.38	0.00	48.38	0.00	48.38	0.00
HH1	36-56	KATGPPVSELITKAVAASKER	K36ac	acetylation	48.38	11	48.38	0.00	48.38	0.00	48.38	0.00	48.38	0.00	48.38	0.00					48.38	0.00	48.38	0.00	48.38	0.00	48.38	0.00	48.38	0.00
HH1	36-56	KATGPPVSELITKAVAASKER	K36me1	methylation	49.28	11	49.28	0.00	49.28	0.00	49.28	0.00	49.28	0.00	49.28	0.00					49.28	0.00	49.28	0.00	49.28	0.00	49.28	0.00	49.28	0.00
HH1	36-56	KATGPPVSELITKAVAASKER	K36me2	methylation	45.55	11	45.55	0.00	45.55	0.00	45.55	0.00	45.55	0.00	45.55	0.00					45.55	0.00	45.55	0.00	45.55	0.00	45.55	0.00	45.55	0.00
HH1	36-56	KATGPPVSELITKAVAASKER	K36me3	methylation	45.45	11	45.45	-0.00	45.45	-0.00	45.45	0.00	45.45	-0.00	45.45	-0.00					45.45	-0.00	45.45	-0.00	45.45	-0.00	45.45	-0.00	45.45	-0.00
HH1	36-56	KATGPPVSELITKAVAASKER	S43ac	acetylation	49.51	10	49.51	0.00	49.51	0.00	49.51	0.00	49.51	0.00	49.51	0.00							49.51	0.00	49.51	0.00	49.51	0.00	49.51	0.00
HH1	36-56	KATGPPVSELITKAVAASKER	S43pr	propionylation	49.66	10	49.66	0.00	49.66	0.00	49.66	0.00	49.66	0.00	49.66	0.00							49.66	0.00	49.66	0.00	49.66	0.00	49.66	0.00
HH1	36-56	KATGPPVSELITKAVAASKER	unmod	unmodified	48.54	11	48.54	0.00	48.54	0.00	48.54	0.00	48.54	0.00	48.54	0.00					48.54	0.00	48.54	0.00	48.54	0.00	48.54	0.00	48.54	0.00
HH1	54-81	unmod	H11.GGVSLAALKKALAAAGYDVEKNNSR	other	49.44	13	49.44	0.00	49.44	0.00	49.44	0.00	49.44	0.00	49.44	0.00	49.44	0.00	49.44	0.00	49.44	0.00	49.44	0.00	49.44	0.00	49.44	-0.00	49.44	0.00
HH1	54-81	unmod	H15.NGLSLAALKKALAAGGYDVEKNNSR	other	48.71	13	48.71	0.00	48.71	0.00	48.71	0.00	48.71	0.00	48.71	0.00	48.71	0.00	48.71	0.00	48.71	0.00	48.71	0.00	48.71	0.00	48.71	0.00	48.71	0.00
HH1	54-81	unmod	H1T.VGMSLVALKKALAAAGYDVEKNNSR	other	48.00	13	48.00	0.00	48.00	0.00	48.00	0.00	48.00	0.00	48.00	0.00	48.00	0.00	48.00	0.00	48.00	0.00	48.00	0.00	48.00	0.00	48.00	0.00	48.00	0.00
HH1	54-81	unmod	H1v234.SGVSLAALKKALAAAGYDVEKNNSR	other	49.25	13	49.25	0.00	49.25	0.00	49.25	0.00	49.25	0.00	49.25	0.00	49.25	0.00	49.25	0.00	49.25	0.00	49.25	0.00	49.25	0.00	49.25	0.00	49.25	0.00
HH2A	1-11	SGRGKQGGKAR	K5ac	acetylation	20.51	13	20.51	0.00	20.51	0.00	20.51	0.00	20.51	0.00	20.51	0.00	20.51	0.00	20.51	0.00	20.51	0.00	20.51	0.00	20.51	0.00	20.51	0.00	20.51	0.00
HH2A	1-11	SGRGKQGGKAR	S1ac	acetylation	24.59	13	24.59	0.00	24.59	0.00	24.59	0.00	24.59	0.00	24.59	0.00	24.59	0.00	24.59	0.00	24.59	0.00	24.59	0.00	24.59	0.00	24.59	0.00	24.59	0.00
HH2A	1-11	SGRGKQGGKAR	unmod	unmodified	21.06	13	21.06	0.00	21.06	0.00	21.06	0.00	21.06	0.00	21.06	0.00	21.06	0.00	21.06	0.00	21.06	0.00	21.06	0.00	21.06	0.00	21.06	0.00	21.06	0.00
HH2A	1-19	AGGKAGKDSGKAKAKAVSR	K11ac	acetylation	36.57	13	36.57	0.00	36.57	0.00	36.57	0.00	36.57	0.00	36.57	0.00	36.57	0.00	36.57	0.00	36.57	0.00	36.57	0.00	36.57	0.00	36.57	0.00	36.57	0.00
HH2A	1-19	AGGKAGKDSGKAKAKAVSR	K11acK15ac	acetylation	35.70	13	35.70	0.00	35.70	0.00	35.70	0.00	35.70	0.00	35.70	0.00	35.70	0.00	35.70	0.00	35.70	0.00	35.70	0.00	35.70	0.00	35.70	0.00	35.70	0.00
HH2A	1-19	AGGKAGKDSGKAKAKAVSR	K15ac	acetylation	36.57	13	36.57	0.00	36.57	0.00	36.57	0.00	36.57	0.00	36.57	0.00	36.57	0.00	36.57	0.00	36.57	0.00	36.57	0.00	36.57	0.00	36.57	0.00	36.57	0.00
HH2A	1-19	AGGKAGKDSGKAKAKAVSR	K4ac	acetylation	36.57	13	36.57	0.00	36.57	0.00	36.57	0.00	36.57	0.00	36.57	0.00	36.57	0.00	36.57	0.00	36.57	0.00	36.57	0.00	36.57	0.00	36.57	0.00	36.57	0.00
HH2A	1-19	AGGKAGKDSGKAKAKAVSR	K4acK11ac	acetylation	35.70	13	35.70	0.00	35.70	0.00	35.70	0.00	35.70	0.00	35.70	0.00	35.70	0.00	35.70	0.00	35.70	0.00	35.70	0.00	35.70	0.00	35.70	0.00	35.70	0.00
HH2A	1-19	AGGKAGKDSGKAKAKAVSR	K4acK11acK15ac	acetylation	34.86	13	34.86	0.00	34.86	0.00	34.86	0.00	34.86	0.00	34.86	0.00	34.86	0.00	34.86	0.00	34.86	0.00	34.86	0.00	34.86	0.00	34.86	0.00	34.86	0.00
HH2A	1-19	AGGKAGKDSGKAKAKAVSR	K4acK15ac	acetylation	35.70	13	35.70	0.00	35.70	0.00	35.70	0.00	35.70	0.00	35.70	0.00	35.70	0.00	35.70	0.00	35.70	0.00	35.70	0.00	35.70	0.00	35.70	0.00	35.70	0.00
HH2A	1-19	AGGKAGKDSGKAKAKAVSR	K4acK7ac	acetylation	35.70	13	35.70	0.00	35.70	0.00	35.70	0.00	35.70	0.00	35.70	0.00	35.70	0.00	35.70	0.00	35.70	0.00	35.70	0.00	35.70	0.00	35.70	0.00	35.70	0.00
HH2A	1-19	AGGKAGKDSGKAKAKAVSR	K4acK7acK11ac	acetylation	34.86	13	34.86	0.00	34.86	0.00	34.86	0.00	34.86	0.00	34.86	0.00	34.86	0.00	34.86	0.00	34.86	0.00	34.86	0.00	34.86	0.00	34.86	0.00	34.86	0.00
HH2A	1-19	AGGKAGKDSGKAKAKAVSR	K4acK7acK11acK15ac	acetylation	34.06	13	34.06	0.00	34.06	0.00	34.06	0.00	34.06	0.00	34.06	0.00	34.06	0.00	34.06	0.00	34.06	0.00	34.06	0.00	34.06	0.00	34.06	0.00	34.06	0.00
HH2A	1-19	AGGKAGKDSGKAKAKAVSR	K4acK7acK15ac	acetylation	34.86	13	34.86	0.00	34.86	0.00	34.86	0.00	34.86	0.00	34.86	0.00	34.86	0.00	34.86	0.00	34.86	0.00	34.86	0.00	34.86	0.00	34.86	0.00	34.86	0.00
HH2A	1-19	AGGKAGKDSGKAKAKAVSR	K7ac	acetylation	36.57	13	36.57	0.00	36.57	0.00	36.57	0.00	36.57	0.00	36.57	0.00	36.57	0.00	36.57	0.00	36.57	0.00	36.57	0.00	36.57	0.00	36.57	0.00	36.57	0.00
HH2A	1-19	AGGKAGKDSGKAKAKAVSR	K7acK11ac	acetylation	35.70	13	35.70	0.00	35.70	0.00	35.70	0.00	35.70	0.00	35.70	0.00	35.70	0.00	35.70	0.00	35.70	0.00	35.70	0.00	35.70	0.00	35.70	0.00	35.70	0.00
HH2A	1-19	AGGKAGKDSGKAKAKAVSR	K7acK11acK15ac	acetylation	34.86	13	34.86	0.00	34.86	0.00	34.86	0.00	34.86	0.00	34.86	0.00	34.86	0.00	34.86	0.00	34.86	0.00	34.86	0.00	34.86	0.00	34.86	0.00	34.86	0.00
HH2A	1-19	AGGKAGKDSGKAKAKAVSR	K7acK15ac	acetylation	35.70	13	35.70	0.00	35.70	0.00	35.70	0.00	35.70	0.00	35.70	0.00	35.70	0.00	35.70	0.00	35.70	0.00	35.70	0.00	35.70	0.00	35.70	0.00	35.70	0.00
HH2A	1-19	AGGKAGKDSGKAKAKAVSR	unmod	unmodified	37.41	13	37.41	0.00	37.41	0.00	37.41	0.00	37.41	0.00	37.41	0.00	37.41	0.00	37.41	0.00	37.41	0.00	37.41	0.00	37.41	0.00	37.41	0.00	37.41	0.00
HH2A	1-19	AGGKAGKDSGKAKTKAVSR	K11ac	acetylation	35.48	13	35.11	-0.37	35.11	-0.37	35.11	-0.37	35.11	-0.37	35.11	-0.37	36.57	1.09	36.57	1.09	35.11	-0.37	35.11	-0.37	35.11	-0.37	35.11	-0.37	35.11	-0.37
HH2A	1-19	AGGKAGKDSGKAKTKAVSR	K11acK15ac	acetylation	34.62	13	34.26	-0.36	34.26	-0.36	34.26	-0.36	34.26	-0.36	34.26	-0.36	35.70	1.08	35.70	1.08	34.26	-0.36	34.26	-0.36	34.26	-0.36	34.26	-0.36	34.26	-0.36
HH2A	1-19	AGGKAGKDSGKAKTKAVSR	K15ac	acetylation	35.48	13	35.11	-0.37	35.11	-0.37	35.11	-0.37	35.11	-0.37	35.11	-0.37	36.57	1.09	36.57	1.09	35.11	-0.37	35.11	-0.37	35.11	-0.37	35.11	-0.37	35.11	-0.37
HH2A	1-19	AGGKAGKDSGKAKTKAVSR	K4ac	acetylation	35.48	13	35.11	-0.37	35.11	-0.37	35.11	-0.37	35.11	-0.37	35.11	-0.37	36.57	1.09	36.57	1.09	35.11	-0.37	35.11	-0.37	35.11	-0.37	35.11	-0.37	35.11	-0.37
HH2A	1-19	AGGKAGKDSGKAKTKAVSR	K4acK11ac	acetylation	34.62	13	34.26	-0.36	34.26	-0.36	34.26	-0.36	34.26	-0.36	34.26	-0.36	35.70	1.08	35.70	1.08	34.26	-0.36	34.26	-0.36	34.26	-0.36	34.26	-0.36	34.26	-0.36
HH2A	1-19	AGGKAGKDSGKAKTKAVSR	K4acK11acK15ac	acetylation	33.75	13	33.38	-0.37	33.38	-0.37	33.38	-0.37	33.38	-0.37	33.38	-0.37	34.86	1.11	34.86	1.11	33.38	-0.37	33.38	-0.37	33.38	-0.37	33.38	-0.37	33.38	-0.37
HH2A	1-19	AGGKAGKDSGKAKTKAVSR	K4acK15ac	acetylation	34.62	13	34.26	-0.36	34.26	-0.36	34.26	-0.36	34.26	-0.36	34.26	-0.36	35.70	1.08	35.70	1.08	34.26	-0.36	34.26	-0.36	34.26	-0.36	34.26	-0.36	34.26	-0.36
HH2A	1-19	AGGKAGKDSGKAKTKAVSR	K4acK7ac	acetylation	34.62	13	34.26	-0.36	34.26	-0.36	34.26	-0.36	34.26	-0.36	34.26	-0.36	35.70	1.08	35.70	1.08	34.26	-0.36	34.26	-0.36	34.26	-0.36	34.26	-0.36	34.26	-0.36
HH2A	1-19	AGGKAGKDSGKAKTKAVSR	K4acK7acK11ac	acetylation	33.75	13	33.38	-0.37	33.38	-0.37	33.38	-0.37	33.38	-0.37	33.38	-0.37	34.86	1.11	34.86	1.11	33.38	-0.37	33.38	-0.37	33.38	-0.37	33.38	-0.37	33.38	-0.37
HH2A	1-19	AGGKAGKDSGKAKTKAVSR	K4acK7acK11acK15ac	acetylation	32.91	13	32.53	-0.38	32.53	-0.38	32.53	-0.38	32.53	-0.38	32.53	-0.38	34.06	1.15	34.06	1.15	32.53	-0.38	32.53	-0.38	32.53	-0.38	32.53	-0.38	32.53	-0.38
HH2A	1-19	AGGKAGKDSGKAKTKAVSR	K4acK7acK15ac	acetylation	33.75	13	33.38	-0.37	33.38	-0.37	33.38	-0.37	33.38	-0.37	33.38	-0.37	34.86	1.11	34.86	1.11	33.38	-0.37	33.38	-0.37	33.38	-0.37	33.38	-0.37	33.38	-0.37
HH2A	1-19	AGGKAGKDSGKAKTKAVSR	K7ac	acetylation	35.48	13	35.11	-0.37	35.11	-0.37	35.11	-0.37	35.11	-0.37	35.11	-0.37	36.57	1.09	36.57	1.09	35.11	-0.37	35.11	-0.37	35.11	-0.37	35.11	-0.37	35.11	-0.37
HH2A	1-19	AGGKAGKDSGKAKTKAVSR	K7acK11ac	acetylation	34.62	13	34.26	-0.36	34.26	-0.36	34.26	-0.36	34.26	-0.36	34.26	-0.36	35.70	1.08	35.70	1.08	34.26	-0.36	34.26	-0.36	34.26	-0.36	34.26	-0.36	34.26	-0.36
HH2A	1-19	AGGKAGKDSGKAKTKAVSR	K7acK11acK15ac	acetylation	33.75	13	33.38	-0.37	33.38	-0.37	33.38	-0.37	33.38	-0.37	33.38	-0.37	34.86	1.11	34.86	1.11	33.38	-0.37	33.38	-0.37	33.38	-0.37	33.38	-0.37	33.38	-0.37
HH2A	1-19	AGGKAGKDSGKAKTKAVSR	K7acK15ac	acetylation	34.62	13	34.26	-0.36	34.26	-0.36	34.26	-0.36	34.26	-0.36	34.26	-0.36	35.70	1.08	35.70	1.08	34.26	-0.36	34.26	-0.36	34.26	-0.36	34.26	-0.36	34.26	-0.36
HH2A	1-19	AGGKAGKDSGKAKTKAVSR	unmod	unmodified	36.35	13	36.00	-0.35	36.00	-0.35	36.00	-0.35	36.00	-0.35	36.00	-0.35	37.41	1.06	37.41	1.06	36.00	-0.35	36.00	-0.35	36.00	-0.35	36.00	-0.35	36.00	-0.35
HH2A	1-88	unmod	H2A14s.HLQLAIR	other	34.47	13	34.47	0.00	34.47	0.00	34.47	0.00	34.47	0.00	34.47	0.00	34.47	0.00	34.47	0.00	34.47	0.00	34.47	0.00	34.47	0.00	34.47	0.00	34.47	0.00
HH2A	1-88	unmod	H2AX.GKTGGKAR	other	25.37	13	25.37	0.00	25.37	0.00	25.37	0.00	25.37	0.00	25.37	0.00	25.37	0.00	25.37	0.00	25.37	0.00	25.37	0.00	25.37	0.00	25.37	0.00	25.37	0.00
HH2A	1-88	unmod	H2AY.SAKAGVIFPVGR	other	33.50	13	33.50	0.00	33.50	0.00	33.50	0.00	33.50	0.00	33.50	0.00	33.50	0.00	33.50	0.00	33.50	0.00	33.50	0.00	33.50	0.00	33.50	0.00	33.50	0.00
HH2A	1-88	unmod	H2AZ.AGGKAGKDSGKAKTKAVSR	other	36.00	13	36.00	0.00	36.00	0.00	36.00	0.00	36.00	0.00	36.00	0.00	36.00	0.00	36.00	0.00	36.00	0.00	36.00	0.00	36.00	0.00	36.00	0.00	36.00	0.00
HH2A	12-17	AKAKSR	K13ac	acetylation	25.06	13	24.56	-0.50	24.56	-0.50	24.56	-0.50	24.56	-0.50	24.56	-0.50	26.55	1.49	26.55	1.49	24.56	-0.50	24.56	-0.50	24.56	-0.50	24.56	-0.50	24.56	-0.50
HH2A	12-17	AKAKSR	K13acK15ac	acetylation	25.00	3											25.00	0.00	25.00	0.00										
HH2A	12-17	AKAKSR	K13acS16ac	acetylation	27.47	11	27.47	0.00	27.47	0.00	27.47	0.00	27.47	0.00	27.47	0.00					27.47	0.00	27.47	0.00	27.47	0.00	27.47	-0.00	27.47	0.00
HH2A	12-17	AKAKSR	K13me1	methylation	28.31	13	28.22	-0.09	28.22	-0.09	28.22	-0.09	28.22	-0.09	28.22	-0.09	28.57	0.26	28.57	0.26	28.22	-0.09	28.22	-0.09	28.22	-0.09	28.22	-0.09	28.22	-0.09
HH2A	12-17	AKAKSR	K15ac	acetylation	25.12	13	24.62	-0.50	24.62	-0.50	24.62	-0.50	24.62	-0.50	24.62	-0.50	26.63	1.51	26.63	1.51	24.62	-0.50	24.62	-0.50	24.62	-0.50	24.62	-0.50	24.62	-0.50
HH2A	12-17	AKAKSR	K15acS16ac	acetylation	27.54	11	27.54	-0.00	27.54	-0.00	27.54	0.00	27.54	-0.00	27.54	-0.00					27.54	-0.00	27.54	-0.00	27.54	-0.00	27.54	-0.00	27.54	-0.00
HH2A	12-17	AKAKSR	K15me1	methylation	28.19	13	28.11	-0.08	28.11	-0.08	28.11	-0.08	28.11	-0.08	28.11	-0.08	28.42	0.23	28.42	0.23	28.11	-0.08	28.11	-0.08	28.11	-0.08	28.11	-0.08	28.11	-0.08
HH2A	12-17	AKAKSR	S16ac	acetylation	27.41	11	27.41	0.00	27.41	0.00	27.41	0.00	27.41	0.00	27.41	0.00					27.41	0.00	27.41	0.00	27.41	0.00	27.41	0.00	27.41	0.00
HH2A	12-17	AKAKSR	S16pr	propionylation	31.60	11	31.60	-0.00	31.60	-0.00	31.60	0.00	31.60	-0.00	31.60	-0.00					31.60	-0.00	31.60	-0.00	31.60	-0.00	31.60	-0.00	31.60	-0.00
HH2A	12-17	AKAKSR	unmod	unmodified	26.82	13	26.63	-0.20	26.63	-0.20	26.63	-0.20	26.63	-0.20	26.63	-0.19	27.41	0.59	27.41	0.59	26.63	-0.20	26.63	-0.20	26.63	-0.20	26.63	-0.20	26.63	-0.20
HH2A	12-17	AKAKTR	K13ac	acetylation	26.55	13	26.55	0.00	26.55	0.00	26.55	0.00	26.55	0.00	26.55	0.00	26.55	0.00	26.55	0.00	26.55	0.00	26.55	0.00	26.55	0.00	26.55	0.00	26.55	0.00
HH2A	12-17	AKAKTR	K13acK15ac	acetylation	25.00	3											25.00	0.00	25.00	0.00										
HH2A	12-17	AKAKTR	K13me1	methylation	28.57	13	28.57	0.00	28.57	0.00	28.57	0.00	28.57	0.00	28.57	0.00	28.57	0.00	28.57	0.00	28.57	0.00	28.57	0.00	28.57	0.00	28.57	0.00	28.57	0.00
HH2A	12-17	AKAKTR	K15ac	acetylation	26.63	13	26.63	0.00	26.63	0.00	26.63	0.00	26.63	0.00	26.63	0.00	26.63	0.00	26.63	0.00	26.63	0.00	26.63	0.00	26.63	0.00	26.63	0.00	26.63	0.00
HH2A	12-17	AKAKTR	K15me1	methylation	28.42	13	28.42	0.00	28.42	-0.00	28.42	0.00	28.42	0.00	28.42	0.00	28.42	0.00	28.42	0.00	28.42	0.00	28.42	0.00	28.42	0.00	28.42	0.00	28.42	0.00
HH2A	12-17	AKAKTR	T16ac	acetylation	31.60	11	31.60	-0.00	31.60	-0.00	31.60	0.00	31.60	-0.00	31.60	-0.00					31.60	-0.00	31.60	-0.00	31.60	-0.00	31.60	-0.00	31.60	-0.00
HH2A	12-17	AKAKTR	T16pr	propionylation	37.16	11	37.16	0.00	37.16	0.00	37.16	0.00	37.16	0.00	37.16	0.00					37.16	0.00	37.16	0.00	37.16	0.00	37.16	0.00	37.16	0.00
HH2A	12-17	AKAKTR	unmod	unmodified	27.41	13	27.41	0.00	27.41	0.00	27.41	0.00	27.41	0.00	27.41	0.00	27.41	0.00	27.41	0.00	27.41	0.00	27.41	0.00	27.41	0.00	27.41	0.00	27.41	0.00
HH2A	36-42	KGHYAER	K36ac	acetylation	23.68	13	22.80	-0.88	22.80	-0.88	22.80	-0.88	22.80	-0.88	22.80	-0.88	26.33	2.65	26.33	2.65	22.80	-0.88	22.80	-0.88	22.80	-0.88	22.80	-0.88	22.80	-0.88
HH2A	36-42	KGHYAER	Y39ac	acetylation	29.36	11	29.36	0.00	29.36	-0.00	29.36	0.00	29.36	0.00	29.36	0.00					29.36	0.00	29.36	0.00	29.36	0.00	29.36	0.00	29.36	0.00
HH2A	36-42	KGHYAER	Y39pr	propionylation	32.21	11	32.21	0.00	32.21	0.00	32.21	0.00	32.21	0.00	32.21	0.00					32.21	0.00	32.21	0.00	32.21	0.00	32.21	0.00	32.21	0.00
HH2A	36-42	KGHYAER	unmod	unmodified	25.65	13	24.86	-0.79	24.86	-0.79	24.86	-0.79	24.86	-0.79	24.86	-0.79	28.01	2.36	28.01	2.36	24.86	-0.79	24.86	-0.79	24.86	-0.79	24.86	-0.79	24.86	-0.79
HH2A	36-42	KGNYAER	K36ac	acetylation	26.33	13	26.33	0.00	26.33	0.00	26.33	0.00	26.33	0.00	26.33	-0.00	26.33	0.00	26.33	0.00	26.33	0.00	26.33	0.00	26.33	0.00	26.33	0.00	26.33	0.00
HH2A	36-42	KGNYAER	Y39ac	acetylation	32.10	11	32.10	0.00	32.10	0.00	32.10	0.00	32.10	0.00	32.10	0.00					32.10	0.00	32.10	0.00	32.10	0.00	32.10	0.00	32.10	0.00
HH2A	36-42	KGNYAER	Y39pr	propionylation	36.35	11	36.35	0.00	36.35	0.00	36.35	0.00	36.35	0.00	36.35	0.00					36.35	0.00	36.35	0.00	36.35	0.00	36.35	0.00	36.35	0.00
HH2A	36-42	KGNYAER	unmod	unmodified	28.01	13	28.01	0.00	28.01	0.00	28.01	0.00	28.01	0.00	28.01	0.00	28.01	0.00	28.01	0.00	28.01	0.00	28.01	0.00	28.01	0.00	28.01	0.00	28.01	0.00
HH2A	36-42	KGNYSER	K36ac	acetylation	25.68	13	25.47	-0.21	25.47	-0.21	25.47	-0.21	25.47	-0.21	25.47	-0.21	26.33	0.64	26.33	0.64	25.47	-0.21	25.47	-0.21	25.47	-0.21	25.47	-0.22	25.47	-0.21
HH2A	36-42	KGNYSER	Y39ac	acetylation	32.35	11	32.35	0.00	32.35	0.00	32.35	0.00	32.35	0.00	32.35	0.00					32.35	0.00	32.35	0.00	32.35	0.00	32.35	0.00	32.35	0.00
HH2A	36-42	KGNYSER	Y39pr	propionylation	35.63	11	35.63	0.00	35.63	0.00	35.63	0.00	35.63	0.00	35.63	0.00					35.63	0.00	35.63	0.00	35.63	0.00	35.63	0.00	35.63	0.00
HH2A	36-42	KGNYSER	unmod	unmodified	27.53	13	27.37	-0.16	27.37	-0.16	27.37	-0.16	27.37	-0.16	27.37	-0.16	28.01	0.48	28.01	0.48	27.37	-0.16	27.37	-0.16	27.37	-0.16	27.37	-0.16	27.37	-0.16
HH2A	4-11	GKQGGKAR	K5ac	acetylation	22.54	13	22.54	0.00	22.54	0.00	22.54	0.00	22.54	0.00	22.54	0.00	22.54	0.00	22.54	0.00	22.54	0.00	22.54	0.00	22.54	0.00	22.54	0.00	22.54	0.00
HH2A	4-11	GKQGGKAR	K5acK9ac	acetylation	20.80	13	20.80	0.00	20.80	0.00	20.80	0.00	20.80	0.00	20.80	0.00	20.80	0.00	20.80	0.00	20.80	0.00	20.80	0.00	20.80	0.00	20.80	0.00	20.80	0.00
HH2A	4-11	GKQGGKAR	K5me1	methylation	26.41	13	26.41	0.00	26.41	0.00	26.41	0.00	26.41	0.00	26.41	0.00	26.41	0.00	26.41	0.00	26.41	0.00	26.41	0.00	26.41	0.00	26.41	0.00	26.41	0.00
HH2A	4-11	GKQGGKAR	K9ac	acetylation	22.67	13	22.67	0.00	22.67	-0.00	22.67	0.00	22.67	0.00	22.67	0.00	22.67	0.00	22.67	0.00	22.67	0.00	22.67	0.00	22.67	0.00	22.67	0.00	22.67	0.00
HH2A	4-11	GKQGGKAR	K9me1	methylation	26.33	13	26.33	0.00	26.33	0.00	26.33	0.00	26.33	0.00	26.33	-0.00	26.33	0.00	26.33	0.00	26.33	0.00	26.33	0.00	26.33	0.00	26.33	0.00	26.33	0.00
HH2A	4-11	GKQGGKAR	unmod	unmodified	24.23	13	24.23	0.00	24.23	0.00	24.23	0.00	24.23	0.00	24.23	0.00	24.23	0.00	24.23	0.00	24.23	0.00	24.23	0.00	24.23	0.00	24.23	0.00	24.23	0.00
HH2A	4-11	GKQGGKVR	K5ac	acetylation	25.17	13	25.17	0.00	25.17	-0.00	25.17	0.00	25.17	0.00	25.17	0.00	25.17	0.00	25.17	0.00	25.17	0.00	25.17	0.00	25.17	0.00	25.17	0.00	25.17	0.00
HH2A	4-11	GKQGGKVR	K5acK9ac	acetylation	23.00	13	23.00	0.00	23.00	0.00	23.00	0.00	23.00	0.00	23.00	0.00	23.00	0.00	23.00	0.00	23.00	0.00	23.00	0.00	23.00	0.00	23.00	0.00	23.00	0.00
HH2A	4-11	GKQGGKVR	K5me1	methylation	31.44	13	31.44	0.00	31.44	0.00	31.44	0.00	31.44	0.00	31.44	0.00	31.44	0.00	31.44	0.00	31.44	0.00	31.44	0.00	31.44	0.00	31.44	0.00	31.44	0.00
HH2A	4-11	GKQGGKVR	K9ac	acetylation	25.35	13	25.35	0.00	25.35	0.00	25.35	0.00	25.35	0.00	25.35	0.00	25.35	0.00	25.35	0.00	25.35	0.00	25.35	0.00	25.35	0.00	25.35	0.00	25.35	0.00
HH2A	4-11	GKQGGKVR	K9me1	methylation	31.20	13	31.20	0.00	31.20	0.00	31.20	0.00	31.20	0.00	31.20	0.00	31.20	0.00	31.20	0.00	31.20	0.00	31.20	0.00	31.20	0.00	31.20	0.00	31.20	0.00
HH2A	4-11	GKQGGKVR	unmod	unmodified	26.84	13	26.84	0.00	26.84	0.00	26.84	0.00	26.84	0.00	26.84	-0.00	26.84	0.00	26.84	0.00	26.84	0.00	26.84	0.00	26.84	0.00	26.84	0.00	26.84	0.00
HH2A	4-11	GKTGGKAR	K5ac	acetylation	23.89	13	23.89	0.00	23.89	0.00	23.89	0.00	23.89	0.00	23.89	0.00	23.89	0.00	23.89	0.00	23.89	0.00	23.89	0.00	23.89	0.00	23.89	0.00	23.89	0.00
HH2A	4-11	GKTGGKAR	K5acK9ac	acetylation	22.00	13	22.00	0.00	22.00	0.00	22.00	0.00	22.00	0.00	22.00	0.00	22.00	0.00	22.00	0.00	22.00	0.00	22.00	0.00	22.00	0.00	22.00	0.00	22.00	0.00
HH2A	4-11	GKTGGKAR	K5acT6ac	acetylation	25.44	11	25.44	0.00	25.44	0.00	25.44	0.00	25.44	0.00	25.44	0.00					25.44	0.00	25.44	0.00	25.44	0.00	25.44	0.00	25.44	0.00
HH2A	4-11	GKTGGKAR	K5me1	methylation	26.03	13	26.03	0.00	26.03	0.00	26.03	0.00	26.03	0.00	26.03	0.00	26.03	0.00	26.03	0.00	26.03	0.00	26.03	0.00	26.03	0.00	26.03	0.00	26.03	0.00
HH2A	4-11	GKTGGKAR	K9ac	acetylation	24.09	13	24.09	0.00	24.09	0.00	24.09	0.00	24.09	0.00	24.09	0.00	24.09	0.00	24.09	0.00	24.09	0.00	24.09	0.00	24.09	0.00	24.09	0.00	24.09	0.00
HH2A	4-11	GKTGGKAR	K9me1	methylation	25.89	13	25.89	0.00	25.89	0.00	25.89	0.00	25.89	0.00	25.89	-0.00	25.89	0.00	25.89	0.00	25.89	0.00	25.89	0.00	25.89	0.00	25.89	0.00	25.89	0.00
HH2A	4-11	GKTGGKAR	T6acK9ac	acetylation	25.65	11	25.65	0.00	25.65	0.00	25.65	0.00	25.65	0.00	25.65	0.00					25.65	0.00	25.65	0.00	25.65	0.00	25.65	0.00	25.65	0.00
HH2A	4-11	GKTGGKAR	unmod	unmodified	25.37	13	25.37	0.00	25.37	0.00	25.37	0.00	25.37	0.00	25.37	0.00	25.37	0.00	25.37	0.00	25.37	0.00	25.37	0.00	25.37	0.00	25.37	0.00	25.37	0.00
HH2A	4-99	unmod	AGLQFPVGR	other	39.95	13	39.95	0.00	39.95	0.00	39.95	0.00	39.95	0.00	39.95	0.00	39.95	0.00	39.95	0.00	39.95	0.00	39.95	0.00	39.95	0.00	39.95	0.00	39.95	0.00
HH2A	4-99	unmod	GGKKKSTKTSR	other	30.92	13	30.92	0.00	30.92	-0.00	30.92	0.00	30.92	0.00	30.92	0.00	30.92	0.00	30.92	0.00	30.92	0.00	30.92	0.00	30.92	0.00	30.92	0.00	30.92	0.00
HH2A	4-99	unmod	HLQLAIR	other	34.47	13	34.47	0.00	34.47	0.00	34.47	0.00	34.47	0.00	34.47	0.00	34.47	0.00	34.47	0.00	34.47	0.00	34.47	0.00	34.47	0.00	34.47	0.00	34.47	0.00
HH2A	4-99	unmod	HLQLAVR	other	32.31	13	32.31	0.00	32.31	0.00	32.31	0.00	32.31	0.00	32.31	0.00	32.31	0.00	32.31	0.00	32.31	0.00	32.31	0.00	32.31	0.00	32.31	0.00	32.31	0.00
HH2A	4-99	unmod	IHPELLAKKR	other	30.00	13	30.00	0.00	30.00	0.00	30.00	0.00	30.00	0.00	30.00	0.00	30.00	0.00	30.00	0.00	30.00	0.00	30.00	0.00	30.00	0.00	30.00	0.00	30.00	0.00
HH2A	4-99	unmod	IHRHLKSR	other	22.07	13	22.07	0.00	22.07	0.00	22.07	0.00	22.07	0.00	22.07	0.00	22.07	0.00	22.07	0.00	22.07	0.00	22.07	0.00	22.07	0.00	22.07	0.00	22.07	0.00
HH2A	4-99	unmod	IHRHLKTR	other	38.84	13	38.84	0.00	38.84	-0.00	38.84	0.00	38.84	0.00	38.84	0.00	38.84	0.00	38.84	0.00	38.84	0.00	38.84	0.00	38.84	0.00	38.84	0.00	38.84	0.00
HH2A	4-99	unmod	NDEELNKLLGR	other	44.64	13	44.64	0.00	44.64	0.00	44.64	0.00	44.64	0.00	44.64	0.00	44.64	0.00	44.64	0.00	44.64	0.00	44.64	0.00	44.64	0.00	44.64	0.00	44.64	0.00
HH2A	4-99	unmod	SGKKKMSKLSR	other	30.00	13	30.00	0.00	30.00	0.00	30.00	0.00	30.00	0.00	30.00	0.00	30.00	0.00	30.00	0.00	30.00	0.00	30.00	0.00	30.00	0.00	30.00	0.00	30.00	0.00
HH2A	4-99	unmod	VHRLLR	other	27.04	13	27.04	0.00	27.04	0.00	27.04	0.00	27.04	0.00	27.04	0.00	27.04	0.00	27.04	0.00	27.04	0.00	27.04	0.00	27.04	0.00	27.04	0.00	27.04	0.00
HH2A	4-99	unmod	YIKKGHPKYR	other	30.00	13	30.00	0.00	30.00	0.00	30.00	0.00	30.00	0.00	30.00	0.00	30.00	0.00	30.00	0.00	30.00	0.00	30.00	0.00	30.00	0.00	30.00	0.00	30.00	0.00
HH2A	72-77	DNKKTR	K74ac	acetylation	20.93	13	20.93	0.00	20.93	0.00	20.93	0.00	20.93	0.00	20.93	0.00	20.93	0.00	20.93	0.00	20.93	0.00	20.93	0.00	20.93	0.00	20.93	0.00	20.93	0.00
HH2A	72-77	DNKKTR	T76pr	propionylation	30.19	11	30.19	0.00	30.19	0.00	30.19	0.00	30.19	0.00	30.19	0.00					30.19	0.00	30.19	0.00	30.19	0.00	30.19	0.00	30.19	0.00
HH2A	72-77	DNKKTR	unmod	unmodified	25.44	13	25.44	0.00	25.44	0.00	25.44	0.00	25.44	0.00	25.44	0.00	25.44	0.00	25.44	0.00	25.44	0.00	25.44	0.00	25.44	0.00	25.44	0.00	25.44	0.00
HH2B	1-100	unmod	EIQTAVR	other	29.92	13	29.92	0.00	29.92	-0.00	29.92	0.00	29.92	0.00	29.92	0.00	29.92	0.00	29.92	0.00	29.92	0.00	29.92	0.00	29.92	0.00	29.92	0.00	29.92	0.00
HH2B	1-100	unmod	EVQTAVR	other	26.74	13	26.74	0.00	26.74	0.00	26.74	0.00	26.74	0.00	26.74	0.00	26.74	0.00	26.74	0.00	26.74	0.00	26.74	0.00	26.74	0.00	26.74	0.00	26.74	0.00
HH2B	1-100	unmod	IAGEASR	other	26.25	13	26.25	0.00	26.25	0.00	26.25	0.00	26.25	0.00	26.25	0.00	26.25	0.00	26.25	0.00	26.25	0.00	26.25	0.00	26.25	0.00	26.25	0.00	26.25	0.00
HH2B	1-100	unmod	IASEASR	other	26.00	13	26.00	0.00	26.00	0.00	26.00	0.00	26.00	0.00	26.00	0.00	26.00	0.00	26.00	0.00	26.00	0.00	26.00	0.00	26.00	0.00	26.00	0.00	26.00	0.00
HH2B	1-100	unmod	LPHYNKR	other	35.88	13	35.88	0.00	35.88	0.00	35.88	0.00	35.88	0.00	35.88	0.00	35.88	0.00	35.88	0.00	35.88	0.00	35.88	0.00	35.88	0.00	35.88	0.00	35.88	0.00
HH2B	1-100	unmod	LRTEVPRLPR	other	43.74	13	43.74	0.00	43.74	0.00	43.74	0.00	43.74	0.00	43.74	0.00	43.74	0.00	43.74	0.00	43.74	0.00	43.74	0.00	43.74	0.00	43.74	0.00	43.74	0.00
HH2B	1-29	unmod	1B.PEPSKSAPAPKKGSKKAITKAQKKDGKKR	other	43.47	13	43.47	0.00	43.47	-0.00	43.47	0.00	43.47	0.00	43.47	0.00	43.47	0.00	43.47	0.00	43.47	0.00	43.47	0.00	43.47	0.00	43.47	0.00	43.47	0.00
HH2B	1-29	unmod	1C.PEPAKSAPAPKKGSKKAVTKAQKKDGKKR	other	42.84	13	42.84	0.00	42.84	-0.00	42.84	0.00	42.84	0.00	42.84	0.00	42.84	0.00	42.84	0.00	42.84	0.00	42.84	0.00	42.84	0.00	42.84	0.00	42.84	0.00
HH2B	1-29	unmod	1D.PEPTKSAPAPKKGSKKAVTKAQKKDGKKR	other	42.65	13	42.65	0.00	42.65	0.00	42.65	0.00	42.65	0.00	42.65	0.00	42.65	0.00	42.65	0.00	42.65	0.00	42.65	0.00	42.65	0.00	42.65	0.00	42.65	0.00
HH2B	1-29	unmod	1H.PDPAKSAPAPKKGSKKAVTKAQKKDGKKR	other	43.23	13	43.23	0.00	43.23	0.00	43.23	0.00	43.23	0.00	43.23	0.00	43.23	0.00	43.23	0.00	43.23	0.00	43.23	0.00	43.23	0.00	43.23	0.00	43.23	0.00
HH2B	1-29	unmod	1L.PELAKSAPAPKKGSKKAVTKAQKKDGKKR	other	45.68	13	45.68	0.00	45.68	0.00	45.68	0.00	45.68	0.00	45.68	0.00	45.68	0.00	45.68	0.00	45.68	0.00	45.68	0.00	45.68	0.00	45.68	0.00	45.68	0.00
HH2B	1-29	unmod	1M.PEPVKSAPVPKKGSKKAINKAQKKDGKKR	other	44.36	13	44.36	0.00	44.36	0.00	44.36	-0.00	44.36	0.00	44.36	0.00	44.36	0.00	44.36	0.00	44.36	0.00	44.36	0.00	44.36	0.00	44.36	0.00	44.36	0.00
HH2B	1-29	unmod	1N.PEPSKSAPAPKKGSKKAVTKAQKKDGKKR	other	42.57	13	42.57	0.00	42.57	0.00	42.57	0.00	42.57	0.00	42.57	0.00	42.57	0.00	42.57	0.00	42.57	0.00	42.57	0.00	42.57	0.00	42.57	0.00	42.57	0.00
HH2B	1-29	unmod	2F.PDPAKSAPAPKKGSKKAVTKVQKKDGKKR	other	44.21	13	44.21	0.00	44.21	0.00	44.21	0.00	44.21	0.00	44.21	0.00	44.21	0.00	44.21	0.00	44.21	0.00	44.21	0.00	44.21	0.00	44.21	0.00	44.21	0.00
HH2B	80-86	LAHYNKR	Y83ac	acetylation	35.33	11	35.33	0.00	35.33	0.00	35.33	0.00	35.33	0.00	35.33	0.00					35.33	0.00	35.33	0.00	35.33	0.00	35.33	0.00	35.33	0.00
HH2B	80-86	LAHYNKR	Y83pr	propionylation	38.23	11	38.23	0.00	38.23	0.00	38.23	0.00	38.23	0.00	38.23	0.00					38.23	0.00	38.23	0.00	38.23	0.00	38.23	0.00	38.23	0.00
HH2B	80-86	LAHYNKR	unmod	unmodified	30.41	11	30.41	0.00	30.41	0.00	30.41	0.00	30.41	0.00	30.41	0.00					30.41	0.00	30.41	0.00	30.41	0.00	30.41	0.00	30.41	0.00
HH2B	81-87	LAHYSKR	K86ac	acetylation	37.51	11	37.51	0.00	37.51	0.00	37.51	0.00	37.51	0.00	37.51	0.00					37.51	0.00	37.51	0.00	37.51	0.00	37.51	0.00	37.51	0.00
HH2B	81-87	LAHYSKR	S85acK86ac	acetylation	38.00	11	38.00	0.00	38.00	0.00	38.00	0.00	38.00	0.00	38.00	0.00					38.00	0.00	38.00	0.00	38.00	0.00	38.00	0.00	38.00	0.00
HH2B	81-87	LAHYSKR	Y84acS85ac	acetylation	39.29	11	39.29	0.00	39.29	0.00	39.29	0.00	39.29	0.00	39.29	0.00					39.29	0.00	39.29	0.00	39.29	0.00	39.29	0.00	39.29	0.00
HH2B	81-87	LAHYSKR	unmod	unmodified	38.02	11	38.02	0.00	38.02	0.00	38.02	0.00	38.02	0.00	38.02	0.00					38.02	0.00	38.02	0.00	38.02	0.00	38.02	0.00	38.02	0.00
